Workbook

Sheet Data Barang
C2: sept
A3: No | B3: Nama Barang | C3: Stok Awal | D3: Satuan
A4: 1 | B4: Penggaris Butterfly 30 cm | C4: 2 | D4: Pcs
A5: 2 | B5: Lakban Coklat Besar 2 inch (lebar 48mm x 90 yard) | C5: 3 | D5: Pcs
A6: 3 | B6: Lakban Hitam Besar 2 inch (lebar 48mm x 90 yard) | C6: 5 | D6: Pcs
A7: 4 | B7: Lakban Bening 2 inch (lebar 48mm x 90 yard) | C7: 2 | D7: Pcs
A8: 5 | B8: Lakban Bening Daimaru Sedang | C8: 6 | D8: Pcs
A9: 6 | B9: Lakban Bening Ukuran Kecil | C9: 7 | D9: Pcs
A10: 7 | B10: Double Tip Ukuran Sedang | C10: 3 | D10: Pcs
A11: 8 | B11: Double Tim 3M | C11: 1 | D11: Pcs
A12: 9 | B12: Label T & J No. 99 1 pack isi 10 pcs | C12: 30 | D12: Pcs
A13: 10 | B13: Label T & J No. 103 1 pack isi 10 pcs | C13: 20 | D13: Pcs
A14: 11 | B14: Label T & J No. 104 1 pack isi 10 pcs | C14: 60 | D14: Pcs
A15: 12 | B15: Label T & J No. 109 1 pack isi 10 pcs | C15: 30 | D15: Pcs
... A39: 36 | B39: Bindex File Jumbo 1034B | C39: 7 | D39: Pcs
A40: 37 | B40: Snowman Spidol Permanent Black 1 pack isi 12 | C40: 67 | D40: Pcs | E40: .
A41: 38 | B41: Snowman Spidol Papan Tulis BG-12 Black | C41: 12 | D41: Pcs
A42: 39 | B42: Snowman Spidol Papan Tulis BG-12 Blue | C42: 4 | D42: Pcs
A43: 40 | B43: Snowman Spidol Papan Tulis BG-12 Red | C43: 6 | D43: Pcs
A44: 41 | B44: Snowman Spidol ABG - 12 Black | C44: 11 | D44: Pcs
A45: 42 | B45: Spidol Besar Snowman 500 | C45: 1 | D45: Pcs
A46: 43 | B46: Spidol Snowman 450 | C46: 1 | D46: Pcs
A47: 44 | B47: Refill Snowman V5 0.7 1 pack isi 12 pcs | C47: 20 | D47: Pcs
A48: 45 | B48: Stabilo Plan 2,5 - 3,5 MM Red | C48: 1 | D48: Pcs
A49: 46 | B49: Gunting Scissors Joyko SC-828 | C49: 0 | D49: Pcs
A50: 47 | B50: Gunting Scissors Joyko SC-838 | C50: 5 | D50: Pcs
A51: 48 | B51: Gunting Scissors Joyko SC-848 | C51: 2 | D51: Pcs
A52: 49 | B52: Set Pen Holder Tempat Alat Tulis Joyko Meja Kantor DS-23 | C52: 1 | D52: Pcs
... A55: 52 | B55: Rak Dokumen Ukuran Kertas F4 (2 susun) | C55: 3 | D55: Pcs
A56: 53 | B56: Materai 10000 (1 Lembar isi 100 Pcs) | C56: - | D56: Pcs
A57: 54 | B57: Stapler Kenko HD-10N | C57: 0 | D57: Pcs
A58: 55 | B58: Stapler Kenko HD-50N | C58: 8 | D58: Pcs
A59: 56 | B59: Isi Staples No.3 - 1 M Fine 1 pack isi 20 box kecil | C59: 40 | D59: Box Kecil
A60: 57 | B60: Isi Staples Kenko No.3-1M 1 pack isi 20 box kecil | C60: 60 | D60: Pcs
A61: 58 | B61: Isi Staples Kenko No.10-1M 1 pack isi 20 box kecil | C61: 40 | D61: Pcs
A62: 59 | B62: Etona Staples No.10 - 1 M | C62: 1 | D62: Pack
A63: 60 | B63: Alat Pelepas Staples SR 51 | C63: 4 | D63: Pcs
A64: 61 | B64: Cutter Joyko L-500 | C64: 2 | D64: Pcs
A65: 62 | B65: Cutter Joyko A-300 | C65: 4 | D65: Pcs
A66: 63 | B66: Isi Cutter Joyko L-500 1 pack isi 12 pcs | C66: 36 | D66: Pcs
A67: 64 | B67: Isi Cutter Joyko A-300 1 pack isi 12 pcs | C67: 36 | D67: Pcs
A68: 65 | B68: Paper Clips No. 5 1 pack isi 10 box kecil | C68: 30 | D68: Box Kecil
... A118: 115 | B118: SDI Staples No.1213 | C118: 4 | D118: Pcs
A119: 116 | B119: Handseal Large | D119: Pcs
A120: 117 | B120: Kenko Glue Stick 25 g 1 pack isi 12 pcs | C120: 22 | D120: Pcs
A121: 118 | B121: Kenko Spare Blade A - 100 1 box isi 12 pack | C121: 2 | D121: Pcs
A122: 119 | B122: Joyko Eraser 526 B40BL | C122: 16 | D122: Pcs
A123: 120 | B123: Joyko Date Stamp D - 3 | C123: 3 | D123: Pcs
A124: 121 | B124: Joyko Heavy Duty Punch no 85 | C124: 2 | D124: Pcs
A125: 122 | B125: Tape Cassette 24 MM | C125: 1 | D125: Pcs
A126: 123 | B126: Concorde Brief Card A4 220 gr/m2 Putih | C126: 36 | D126: Pack
A127: 124 | B127: Concorde Brief Card A4 220 gr/m2 Hijau | C127: 9 | D127: Pack
A128: 125 | B128: Concorde Brief Card A4 220 gr/m2 Biru | C128: 4 | D128: Pack
A129: 126 | B129: Concorde Brief Card A4 220 gr/m2 Merah/Pink | C129: 2 | D129: Pack
A130: 127 | B130: Concorde Brief Card A4 220 gr/m2 Kuning | C130: 7 | D130: Pack
A131: 128 | B131: Concorde Brief Card A4 220 gr/m2 Orange | C131: 1 | D131: Pack
... A176: 173 | B176: R&R Stopmap Folio | C176: 200 | D176: Pcs

Sheet Barang Masuk
A1: Pengadaan Barang
A3: No | B3: Tanggal Masuk | C3: Nama Barang | D3: Jumlah
A4: =ROW()-3 -> 1 | B4: 46048 | C4: Lakban Hitam Besar 2 inch (lebar 48mm x 90 yard) | D4: 10
A5: =ROW()-3 -> 2 | B5: 46048 | C5: Lakban Bening 2 inch (lebar 48mm x 90 yard) | D5: 10
A6: =ROW()-3 -> 3 | B6: 46048 | C6: Lakban Bening Daimaru Sedang | D6: 10
A7: =ROW()-3 -> 4 | B7: 46048 | C7: Lakban Bening Ukuran Kecil | D7: 10
A8: =ROW()-3 -> 5 | B8: 46048 | C8: Double Tip Ukuran Sedang | D8: 5
A9: =ROW()-3 -> 6 | B9: 46048 | C9: Double Tim 3M | D9: 10
A10: =ROW()-3 -> 7 | B10: 46048 | C10: Label T & J No. 99 1 pack isi 10 pcs | D10: 10
A11: =ROW()-3 -> 8 | B11: 46048 | C11: Label T & J No. 103 1 pack isi 10 pcs | D11: 10
A12: =ROW()-3 -> 9 | B12: 46048 | C12: Label T & J No. 109 1 pack isi 10 pcs | D12: 20
A13: =ROW()-3 -> 10 | B13: 46048 | C13: Label T & J No. 126 1 pack isi 10 pcs | D13: 20
A14: =ROW()-3 -> 11 | B14: 46048 | C14: Ballpoint Pilot Ball Liner Medium Black 1 pack isi 12 pcs | D14: 12
A15: =ROW()-3 -> 12 | B15: 46048 | C15: Clear Holder Folio F4 Size Isi 60 | D15: 60
... A43: =ROW()-3 -> 40 | B43: 46142 | C43: Amplop Putih Jendela BPJS (1 Pack isi 100 Pcs) | D43: 60
A44: =ROW()-3 -> 41
A45: =ROW()-3 -> 42
A46: =ROW()-3 -> 43
A47: =ROW()-3 -> 44
A48: =ROW()-3 -> 45
A49: =ROW()-3 -> 46
A50: =ROW()-3 -> 47
A51: =ROW()-3 -> 48
A52: =ROW()-3 -> 49
A53: =ROW()-3 -> 50
A54: =ROW()-3 -> 51
A55: =ROW()-3 -> 52
... A1049: =ROW()-3 -> 1046

Sheet Barang Keluar
A1: Barang Keluar
A4: No | B4: Tanggal Keluar | C4: Nama Barang | D4: Jumlah | E4: Permintaan
A5: =ROW()-4 -> 1 | B5: 46028 | C5: Kertas A4 (75 gram) | D5: 2 | E5: SDMUK
A6: =ROW()-4 -> 2 | B6: 46028 | C6: Kertas A4 (75 gram) | D6: 2 | E6: PKP
A7: =ROW()-4 -> 3 | B7: 46030 | C7: Kertas A4 (75 gram) | D7: 3 | E7: Yanser
A8: =ROW()-4 -> 4 | B8: 46032 | C8: Kertas A4 (75 gram) | D8: 2 | E8: Kepser
A9: =ROW()-4 -> 5 | B9: 46033 | C9: Kertas A4 (75 gram) | D9: 2 | E9: Yanfaskes
A10: =ROW()-4 -> 6 | B10: 46033 | C10: Kertas A4 (75 gram) | D10: 2 | E10: PMU
A11: =ROW()-4 -> 7 | B11: 46048 | C11: Kertas A4 (75 gram) | D11: 2 | E11: Kepser
A12: =ROW()-4 -> 8 | B12: 46056 | C12: Double Sided Tape Perekat (12mm x 13M) | D12: 1 | E12: Adit OB
A13: =ROW()-4 -> 9 | B13: 46057 | C13: Baterai Alkalin 1.5V A2 Isi 6 | D13: 6 | E13: Mba Rieza
A14: =ROW()-4 -> 10 | B14: 46065 | C14: Kenko Glue Stick 25 g 1 pack isi 12 pcs | D14: 2 | E14: Sina
A15: =ROW()-4 -> 11 | B15: 46065 | C15: Baterai Alkalin 1.5V A2 Isi 6 | D15: 4 | E15: Sina
A16: =ROW()-4 -> 12 | B16: 46071 | C16: Isi Staples Kenko No.10-1M 1 pack isi 20 box kecil | D16: 2 | E16: Sina
... A57: =ROW()-4 -> 53 | B57: 46120 | C57: Highlighter-Kuning (Stabilo Boss Original - Hijau Muda) | D57: 1 | E57: Mas Made
A58: =ROW()-4 -> 54 | B58: 46120 | E58: Mas Made
A59: =ROW()-4 -> 55 | B59: 46120 | C59: Sign Here Biasa Joyko 1 pack isi 24 pcs | D59: 10 | E59: Mas Made
A60: =ROW()-4 -> 56 | B60: 46120 | C60: Kertas A4 (75 gram) | D60: 1 | E60: Mba dian
A61: =ROW()-4 -> 57 | B61: 46120 | C61: Kertas A4 (75 gram) | D61: 1 | E61: Mba Gea
A62: =ROW()-4 -> 58 | B62: 46125 | C62: Amplop Coklat BPJS Kesehatan 1 pack isi 10 pcs | D62: 100 | E62: Yanfaskes
A63: =ROW()-4 -> 59 | B63: 46125 | C63: Kertas A4 (75 gram) | D63: 2 | E63: Kepser
A64: =ROW()-4 -> 60 | B64: 46125 | C64: Binder Clips Joyko No. 155 1 dus isi 12 box kecil | D64: 2 | E64: Mas iyan
A65: =ROW()-4 -> 61 | B65: 46125 | C65: Binder Clips Joyko No. 111 1 dus isi 12 box kecil | D65: 2 | E65: Mas iyan
A66: =ROW()-4 -> 62 | B66: 46125 | C66: Binder Clips Joyko No. 107 1 dus isi 12 box kecil | D66: 2 | E66: Mas iyan
A67: =ROW()-4 -> 63 | B67: 46125 | C67: Paper Clips No. 3 1 pack isi 10 box kecil | D67: 3 | E67: Mas iyan
A68: =ROW()-4 -> 64 | B68: 46129 | C68: Kertas A4 (75 gram) | D68: 2 | E68: sdmuk
A69: =ROW()-4 -> 65 | B69: 46129 | C69: Kertas A4 (75 gram) | D69: 2 | E69: PKP
A70: =ROW()-4 -> 66 | B70: 46132 | C70: Kertas A4 (75 gram) | D70: 5 | E70: Yanser
... A83: =ROW()-4 -> 79 | B83: 46146 | C83: Amplop Putih Jendela BPJS (1 Dus isi 100 Pcs) | D83: 8 | E83: PKP
A84: =ROW()-4 -> 80 | B84: 46289 | C84: Penggaris Butterfly 30 cm | D84: 10
A85: =ROW()-4 -> 81
A86: =ROW()-4 -> 82
A87: =ROW()-4 -> 83
A88: =ROW()-4 -> 84
A89: =ROW()-4 -> 85
A90: =ROW()-4 -> 86
A91: =ROW()-4 -> 87
A92: =ROW()-4 -> 88
A93: =ROW()-4 -> 89
A94: =ROW()-4 -> 90
A95: =ROW()-4 -> 91
A96: =ROW()-4 -> 92
... A1038: =ROW()-4 -> 1034

Sheet Sisa Stok Barang
A1: Sisa Stok Barang
C3: Bulan | D3: Oktober | H3: awal bulan | I3: akhir bulan
C4: Tahun | D4: 2026 | H4: =DATE($D$4,MATCH($D$3,Bantu!$C$3:$C$14,),1) -> 46296 | I4: =EDATE(H4,1)-1 -> 46326
A6: No | B6: Nama Barang | C6: Satuan | D6: Stok Awal | E6: Jumlah Masuk | F6: Jumlah Keluar | G6: Sisa Stok
A7: =ROW()-6 -> 1 | B7: Penggaris Butterfly 30 cm | C7: Pcs | D7: =SUMIFS(Table1[Stok Awal],Table1[Nama Barang],Table4[[#This Row],[Nama Barang]])+ SUMIFS(Table2[Jumlah],Table2[Nama Barang],Table4[[#This Row],[Nama Barang]],Table2[Tanggal Masuk],"<"&'Sisa Stok Barang'!$H$4)- SUMIFS(Table3[Jumlah],Table3[Nama Barang],Table4[[#This Row],[Nama Barang]],Table3[Tanggal Keluar],"<"&'Sisa Stok Barang'!$H$4) -> -9 | E7: =SUMIFS(Table2[Jumlah],Table2[Nama Barang],Table4[[#This Row],[Nama Barang]],Table2[Tanggal Masuk],">="&'Sisa Stok Barang'!$H$4,Table2[Tanggal Masuk],"<="&'Sisa Stok Barang'!$I$4) -> 0 | F7: =SUMIFS(Table3[Jumlah],Table3[Nama Barang],Table4[[#This Row],[Nama Barang]],Table3[Tanggal Keluar],">="&'Sisa Stok Barang'!$H$4,Table3[Tanggal Keluar],"<="&'Sisa Stok Barang'!$I$4) -> 0 | G7: =Table4[[#This Row],[Stok Awal]]+Table4[[#This Row],[Jumlah Masuk]]-Table4[[#This Row],[Jumlah Keluar]] -> -9
A8: =ROW()-6 -> 2 | B8: Lakban Coklat Besar 2 inch (lebar 48mm x 90 yard) | C8: Pcs | D8: =SUMIFS(Table1[Stok Awal],Table1[Nama Barang],Table4[[#This Row],[Nama Barang]])+ SUMIFS(Table2[Jumlah],Table2[Nama Barang],Table4[[#This Row],[Nama Barang]],Table2[Tanggal Masuk],"<"&'Sisa Stok Barang'!$H$4)- SUMIFS(Table3[Jumlah],Table3[Nama Barang],Table4[[#This Row],[Nama Barang]],Table3[Tanggal Keluar],"<"&'Sisa Stok Barang'!$H$4) -> 3 | E8: =SUMIFS(Table2[Jumlah],Table2[Nama Barang],Table4[[#This Row],[Nama Barang]],Table2[Tanggal Masuk],">="&'Sisa Stok Barang'!$H$4,Table2[Tanggal Masuk],"<="&'Sisa Stok Barang'!$I$4) -> 0 | F8: =SUMIFS(Table3[Jumlah],Table3[Nama Barang],Table4[[#This Row],[Nama Barang]],Table3[Tanggal Keluar],">="&'Sisa Stok Barang'!$H$4,Table3[Tanggal Keluar],"<="&'Sisa Stok Barang'!$I$4) -> 0 | G8: =Table4[[#This Row],[Stok Awal]]+Table4[[#This Row],[Jumlah Masuk]]-Table4[[#This Row],[Jumlah Keluar]] -> 3
A9: =ROW()-6 -> 3 | B9: Lakban Hitam Besar 2 inch (lebar 48mm x 90 yard) | C9: Pcs | D9: =SUMIFS(Table1[Stok Awal],Table1[Nama Barang],Table4[[#This Row],[Nama Barang]])+ SUMIFS(Table2[Jumlah],Table2[Nama Barang],Table4[[#This Row],[Nama Barang]],Table2[Tanggal Masuk],"<"&'Sisa Stok Barang'!$H$4)- SUMIFS(Table3[Jumlah],Table3[Nama Barang],Table4[[#This Row],[Nama Barang]],Table3[Tanggal Keluar],"<"&'Sisa Stok Barang'!$H$4) -> 15 | E9: =SUMIFS(Table2[Jumlah],Table2[Nama Barang],Table4[[#This Row],[Nama Barang]],Table2[Tanggal Masuk],">="&'Sisa Stok Barang'!$H$4,Table2[Tanggal Masuk],"<="&'Sisa Stok Barang'!$I$4) -> 0 | F9: =SUMIFS(Table3[Jumlah],Table3[Nama Barang],Table4[[#This Row],[Nama Barang]],Table3[Tanggal Keluar],">="&'Sisa Stok Barang'!$H$4,Table3[Tanggal Keluar],"<="&'Sisa Stok Barang'!$I$4) -> 0 | G9: =Table4[[#This Row],[Stok Awal]]+Table4[[#This Row],[Jumlah Masuk]]-Table4[[#This Row],[Jumlah Keluar]] -> 15
A10: =ROW()-6 -> 4 | B10: Lakban Bening 2 inch (lebar 48mm x 90 yard) | C10: Pcs | D10: =SUMIFS(Table1[Stok Awal],Table1[Nama Barang],Table4[[#This Row],[Nama Barang]])+ SUMIFS(Table2[Jumlah],Table2[Nama Barang],Table4[[#This Row],[Nama Barang]],Table2[Tanggal Masuk],"<"&'Sisa Stok Barang'!$H$4)- SUMIFS(Table3[Jumlah],Table3[Nama Barang],Table4[[#This Row],[Nama Barang]],Table3[Tanggal Keluar],"<"&'Sisa Stok Barang'!$H$4) -> 11 | E10: =SUMIFS(Table2[Jumlah],Table2[Nama Barang],Table4[[#This Row],[Nama Barang]],Table2[Tanggal Masuk],">="&'Sisa Stok Barang'!$H$4,Table2[Tanggal Masuk],"<="&'Sisa Stok Barang'!$I$4) -> 0 | F10: =SUMIFS(Table3[Jumlah],Table3[Nama Barang],Table4[[#This Row],[Nama Barang]],Table3[Tanggal Keluar],">="&'Sisa Stok Barang'!$H$4,Table3[Tanggal Keluar],"<="&'Sisa Stok Barang'!$I$4) -> 0 | G10: =Table4[[#This Row],[Stok Awal]]+Table4[[#This Row],[Jumlah Masuk]]-Table4[[#This Row],[Jumlah Keluar]] -> 11
A11: =ROW()-6 -> 5 | B11: Lakban Bening Daimaru Sedang | C11: Pcs | D11: =SUMIFS(Table1[Stok Awal],Table1[Nama Barang],Table4[[#This Row],[Nama Barang]])+ SUMIFS(Table2[Jumlah],Table2[Nama Barang],Table4[[#This Row],[Nama Barang]],Table2[Tanggal Masuk],"<"&'Sisa Stok Barang'!$H$4)- SUMIFS(Table3[Jumlah],Table3[Nama Barang],Table4[[#This Row],[Nama Barang]],Table3[Tanggal Keluar],"<"&'Sisa Stok Barang'!$H$4) -> 15 | E11: =SUMIFS(Table2[Jumlah],Table2[Nama Barang],Table4[[#This Row],[Nama Barang]],Table2[Tanggal Masuk],">="&'Sisa Stok Barang'!$H$4,Table2[Tanggal Masuk],"<="&'Sisa Stok Barang'!$I$4) -> 0 | F11: =SUMIFS(Table3[Jumlah],Table3[Nama Barang],Table4[[#This Row],[Nama Barang]],Table3[Tanggal Keluar],">="&'Sisa Stok Barang'!$H$4,Table3[Tanggal Keluar],"<="&'Sisa Stok Barang'!$I$4) -> 0 | G11: =Table4[[#This Row],[Stok Awal]]+Table4[[#This Row],[Jumlah Masuk]]-Table4[[#This Row],[Jumlah Keluar]] -> 15
A12: =ROW()-6 -> 6 | B12: Lakban Bening Ukuran Kecil | C12: Pcs | D12: =SUMIFS(Table1[Stok Awal],Table1[Nama Barang],Table4[[#This Row],[Nama Barang]])+ SUMIFS(Table2[Jumlah],Table2[Nama Barang],Table4[[#This Row],[Nama Barang]],Table2[Tanggal Masuk],"<"&'Sisa Stok Barang'!$H$4)- SUMIFS(Table3[Jumlah],Table3[Nama Barang],Table4[[#This Row],[Nama Barang]],Table3[Tanggal Keluar],"<"&'Sisa Stok Barang'!$H$4) -> 17 | E12: =SUMIFS(Table2[Jumlah],Table2[Nama Barang],Table4[[#This Row],[Nama Barang]],Table2[Tanggal Masuk],">="&'Sisa Stok Barang'!$H$4,Table2[Tanggal Masuk],"<="&'Sisa Stok Barang'!$I$4) -> 0 | F12: =SUMIFS(Table3[Jumlah],Table3[Nama Barang],Table4[[#This Row],[Nama Barang]],Table3[Tanggal Keluar],">="&'Sisa Stok Barang'!$H$4,Table3[Tanggal Keluar],"<="&'Sisa Stok Barang'!$I$4) -> 0 | G12: =Table4[[#This Row],[Stok Awal]]+Table4[[#This Row],[Jumlah Masuk]]-Table4[[#This Row],[Jumlah Keluar]] -> 17
A13: =ROW()-6 -> 7 | B13: Double Tip Ukuran Sedang | C13: Pcs | D13: =SUMIFS(Table1[Stok Awal],Table1[Nama Barang],Table4[[#This Row],[Nama Barang]])+ SUMIFS(Table2[Jumlah],Table2[Nama Barang],Table4[[#This Row],[Nama Barang]],Table2[Tanggal Masuk],"<"&'Sisa Stok Barang'!$H$4)- SUMIFS(Table3[Jumlah],Table3[Nama Barang],Table4[[#This Row],[Nama Barang]],Table3[Tanggal Keluar],"<"&'Sisa Stok Barang'!$H$4) -> 8 | E13: =SUMIFS(Table2[Jumlah],Table2[Nama Barang],Table4[[#This Row],[Nama Barang]],Table2[Tanggal Masuk],">="&'Sisa Stok Barang'!$H$4,Table2[Tanggal Masuk],"<="&'Sisa Stok Barang'!$I$4) -> 0 | F13: =SUMIFS(Table3[Jumlah],Table3[Nama Barang],Table4[[#This Row],[Nama Barang]],Table3[Tanggal Keluar],">="&'Sisa Stok Barang'!$H$4,Table3[Tanggal Keluar],"<="&'Sisa Stok Barang'!$I$4) -> 0 | G13: =Table4[[#This Row],[Stok Awal]]+Table4[[#This Row],[Jumlah Masuk]]-Table4[[#This Row],[Jumlah Keluar]] -> 8
A14: =ROW()-6 -> 8 | B14: Double Tim 3M | C14: Pcs | D14: =SUMIFS(Table1[Stok Awal],Table1[Nama Barang],Table4[[#This Row],[Nama Barang]])+ SUMIFS(Table2[Jumlah],Table2[Nama Barang],Table4[[#This Row],[Nama Barang]],Table2[Tanggal Masuk],"<"&'Sisa Stok Barang'!$H$4)- SUMIFS(Table3[Jumlah],Table3[Nama Barang],Table4[[#This Row],[Nama Barang]],Table3[Tanggal Keluar],"<"&'Sisa Stok Barang'!$H$4) -> 10 | E14: =SUMIFS(Table2[Jumlah],Table2[Nama Barang],Table4[[#This Row],[Nama Barang]],Table2[Tanggal Masuk],">="&'Sisa Stok Barang'!$H$4,Table2[Tanggal Masuk],"<="&'Sisa Stok Barang'!$I$4) -> 0 | F14: =SUMIFS(Table3[Jumlah],Table3[Nama Barang],Table4[[#This Row],[Nama Barang]],Table3[Tanggal Keluar],">="&'Sisa Stok Barang'!$H$4,Table3[Tanggal Keluar],"<="&'Sisa Stok Barang'!$I$4) -> 0 | G14: =Table4[[#This Row],[Stok Awal]]+Table4[[#This Row],[Jumlah Masuk]]-Table4[[#This Row],[Jumlah Keluar]] -> 10
A15: =ROW()-6 -> 9 | B15: Label T & J No. 99 1 pack isi 10 pcs | C15: Pcs | D15: =SUMIFS(Table1[Stok Awal],Table1[Nama Barang],Table4[[#This Row],[Nama Barang]])+ SUMIFS(Table2[Jumlah],Table2[Nama Barang],Table4[[#This Row],[Nama Barang]],Table2[Tanggal Masuk],"<"&'Sisa Stok Barang'!$H$4)- SUMIFS(Table3[Jumlah],Table3[Nama Barang],Table4[[#This Row],[Nama Barang]],Table3[Tanggal Keluar],"<"&'Sisa Stok Barang'!$H$4) -> 40 | E15: =SUMIFS(Table2[Jumlah],Table2[Nama Barang],Table4[[#This Row],[Nama Barang]],Table2[Tanggal Masuk],">="&'Sisa Stok Barang'!$H$4,Table2[Tanggal Masuk],"<="&'Sisa Stok Barang'!$I$4) -> 0 | F15: =SUMIFS(Table3[Jumlah],Table3[Nama Barang],Table4[[#This Row],[Nama Barang]],Table3[Tanggal Keluar],">="&'Sisa Stok Barang'!$H$4,Table3[Tanggal Keluar],"<="&'Sisa Stok Barang'!$I$4) -> 0 | G15: =Table4[[#This Row],[Stok Awal]]+Table4[[#This Row],[Jumlah Masuk]]-Table4[[#This Row],[Jumlah Keluar]] -> 40
A16: =ROW()-6 -> 10 | B16: Label T & J No. 103 1 pack isi 10 pcs | C16: Pcs | D16: =SUMIFS(Table1[Stok Awal],Table1[Nama Barang],Table4[[#This Row],[Nama Barang]])+ SUMIFS(Table2[Jumlah],Table2[Nama Barang],Table4[[#This Row],[Nama Barang]],Table2[Tanggal Masuk],"<"&'Sisa Stok Barang'!$H$4)- SUMIFS(Table3[Jumlah],Table3[Nama Barang],Table4[[#This Row],[Nama Barang]],Table3[Tanggal Keluar],"<"&'Sisa Stok Barang'!$H$4) -> 30 | E16: =SUMIFS(Table2[Jumlah],Table2[Nama Barang],Table4[[#This Row],[Nama Barang]],Table2[Tanggal Masuk],">="&'Sisa Stok Barang'!$H$4,Table2[Tanggal Masuk],"<="&'Sisa Stok Barang'!$I$4) -> 0 | F16: =SUMIFS(Table3[Jumlah],Table3[Nama Barang],Table4[[#This Row],[Nama Barang]],Table3[Tanggal Keluar],">="&'Sisa Stok Barang'!$H$4,Table3[Tanggal Keluar],"<="&'Sisa Stok Barang'!$I$4) -> 0 | G16: =Table4[[#This Row],[Stok Awal]]+Table4[[#This Row],[Jumlah Masuk]]-Table4[[#This Row],[Jumlah Keluar]] -> 30
A17: =ROW()-6 -> 11 | B17: Label T & J No. 104 1 pack isi 10 pcs | C17: Pcs | D17: =SUMIFS(Table1[Stok Awal],Table1[Nama Barang],Table4[[#This Row],[Nama Barang]])+ SUMIFS(Table2[Jumlah],Table2[Nama Barang],Table4[[#This Row],[Nama Barang]],Table2[Tanggal Masuk],"<"&'Sisa Stok Barang'!$H$4)- SUMIFS(Table3[Jumlah],Table3[Nama Barang],Table4[[#This Row],[Nama Barang]],Table3[Tanggal Keluar],"<"&'Sisa Stok Barang'!$H$4) -> 60 | E17: =SUMIFS(Table2[Jumlah],Table2[Nama Barang],Table4[[#This Row],[Nama Barang]],Table2[Tanggal Masuk],">="&'Sisa Stok Barang'!$H$4,Table2[Tanggal Masuk],"<="&'Sisa Stok Barang'!$I$4) -> 0 | F17: =SUMIFS(Table3[Jumlah],Table3[Nama Barang],Table4[[#This Row],[Nama Barang]],Table3[Tanggal Keluar],">="&'Sisa Stok Barang'!$H$4,Table3[Tanggal Keluar],"<="&'Sisa Stok Barang'!$I$4) -> 0 | G17: =Table4[[#This Row],[Stok Awal]]+Table4[[#This Row],[Jumlah Masuk]]-Table4[[#This Row],[Jumlah Keluar]] -> 60
A18: =ROW()-6 -> 12 | B18: Label T & J No. 109 1 pack isi 10 pcs | C18: Pcs | D18: =SUMIFS(Table1[Stok Awal],Table1[Nama Barang],Table4[[#This Row],[Nama Barang]])+ SUMIFS(Table2[Jumlah],Table2[Nama Barang],Table4[[#This Row],[Nama Barang]],Table2[Tanggal Masuk],"<"&'Sisa Stok Barang'!$H$4)- SUMIFS(Table3[Jumlah],Table3[Nama Barang],Table4[[#This Row],[Nama Barang]],Table3[Tanggal Keluar],"<"&'Sisa Stok Barang'!$H$4) -> 50 | E18: =SUMIFS(Table2[Jumlah],Table2[Nama Barang],Table4[[#This Row],[Nama Barang]],Table2[Tanggal Masuk],">="&'Sisa Stok Barang'!$H$4,Table2[Tanggal Masuk],"<="&'Sisa Stok Barang'!$I$4) -> 0 | F18: =SUMIFS(Table3[Jumlah],Table3[Nama Barang],Table4[[#This Row],[Nama Barang]],Table3[Tanggal Keluar],">="&'Sisa Stok Barang'!$H$4,Table3[Tanggal Keluar],"<="&'Sisa Stok Barang'!$I$4) -> 0 | G18: =Table4[[#This Row],[Stok Awal]]+Table4[[#This Row],[Jumlah Masuk]]-Table4[[#This Row],[Jumlah Keluar]] -> 50
... A178: =ROW()-6 -> 172 | B178: Kertas Coklat Lembaran (90x120) | C178: Pcs | D178: =SUMIFS(Table1[Stok Awal],Table1[Nama Barang],Table4[[#This Row],[Nama Barang]])+ SUMIFS(Table2[Jumlah],Table2[Nama Barang],Table4[[#This Row],[Nama Barang]],Table2[Tanggal Masuk],"<"&'Sisa Stok Barang'!$H$4)- SUMIFS(Table3[Jumlah],Table3[Nama Barang],Table4[[#This Row],[Nama Barang]],Table3[Tanggal Keluar],"<"&'Sisa Stok Barang'!$H$4) -> 5 | E178: =SUMIFS(Table2[Jumlah],Table2[Nama Barang],Table4[[#This Row],[Nama Barang]],Table2[Tanggal Masuk],">="&'Sisa Stok Barang'!$H$4,Table2[Tanggal Masuk],"<="&'Sisa Stok Barang'!$I$4) -> 0 | F178: =SUMIFS(Table3[Jumlah],Table3[Nama Barang],Table4[[#This Row],[Nama Barang]],Table3[Tanggal Keluar],">="&'Sisa Stok Barang'!$H$4,Table3[Tanggal Keluar],"<="&'Sisa Stok Barang'!$I$4) -> 0 | G178: =Table4[[#This Row],[Stok Awal]]+Table4[[#This Row],[Jumlah Masuk]]-Table4[[#This Row],[Jumlah Keluar]] -> 5

Sheet Bantu
C3: Januari | G3: {=_xlfn.UNIQUE(Table4[Nama Barang])} -> Penggaris Butterfly 30 cm
C4: Februari | G4: Lakban Coklat Besar 2 inch (lebar 48mm x 90 yard)
C5: Maret | G5: Lakban Hitam Besar 2 inch (lebar 48mm x 90 yard)
C6: April | G6: Lakban Bening 2 inch (lebar 48mm x 90 yard)
C7: Mei | G7: Lakban Bening Daimaru Sedang
C8: Juni | G8: Lakban Bening Ukuran Kecil
C9: Juli | G9: Double Tip Ukuran Sedang
C10: Agustus | G10: Double Tim 3M
C11: September | G11: Label T & J No. 99 1 pack isi 10 pcs
C12: Oktober | G12: Label T & J No. 103 1 pack isi 10 pcs
C13: November | G13: Label T & J No. 104 1 pack isi 10 pcs
C14: Desember | G14: Label T & J No. 109 1 pack isi 10 pcs
G15: Label T & J No. 112 1 pack isi 10 pcs
G16: Label T & J No. 121 1 pack isi 10 pcs
G17: Label T & J No. 123 1 pack isi 10 pcs
G18: Label T & J No. 124 1 pack isi 10 pcs
G19: Label T & J No. 126 1 pack isi 10 pcs
G20: Baterai Alkalin 1.5V A2 Isi 6
G21: Baterai Alkalin 1.5V A3 Isi 6
G22: Ballpoint Pilot Ball Liner Medium Black 1 pack isi 12 pcs
G23: Ballpoint Pilot Ball Liner Medium Blue 1 pack isi 12 pcs
G24: Ballpoint Zebra Sarasa Clip Black (1.0) 1 pack isi 12 pcs
G25: Ballpoint Zebra Sarasa Clip Black (0,7) 1 pack isi 12 pcs
G26: Ballpoint Zebra Sarasa Clip Black (0.5) 1 pack isi 12 pcs
... G173: Kertas Coklat Lembaran (90x120)

Sheet ATK 1 tahun 
A1: STOK OPNAME ALAT TULIS KANTOR TAHUN 2025
A2: BPJS KESEHATAN CABANG JAKARTA UTARA
C4: Februari 2025 | I4: Mei 2025 | O4: Juli | U4: September | AA4: November | AG4: Januari 2026
A5: NO | B5: URAIAN | C5: SATUAN | D5: STOK AWAL | E5: Sisa Stok | F5: Pengadaan | G5: Total Setelah Pengadan | H5: Jumlah Realisasi | I5: SATUAN | J5: STOK AWAL | K5: Sisa Stok | L5: Pengadaan | M5: Total Setelah Pengadan | N5: Jumlah Realisasi | O5: SATUAN | P5: STOK AWAL | Q5: Sisa Stok | R5: Pengadaan | S5: Total Setelah Pengadan | T5: Jumlah Realisasi | U5: SATUAN | V5: STOK AWAL | W5: Sisa Stok | X5: Pengadaan | Y5: Total Setelah Pengadan | Z5: Jumlah Realisasi | AA5: SATUAN | AB5: STOK AWAL | AC5: Sisa Stok | AD5: Pengadaan | AE5: Total Setelah Pengadan | AF5: Jumlah Realisasi | AG5: SATUAN | AH5: STOK AWAL | AI5: Sisa Stok | AJ5: Pengadaan | AK5: Total Setelah Pengadan | AL5: Jumlah Realisasi | AM5: Stok diambil Februari
A6: 1 | B6: Penggaris Butterfly 30 cm | C6: Pcs | D6: 4 | E6: 4 | G6: 4 | I6: Pcs | J6: 4 | K6: 1 | L6: 3 | M6: =L6+K6 -> 4 | N6: 22500 | O6: Pcs | P6: 4 | Q6: 2 | S6: =R6+Q6 -> 2 | U6: Pcs | V6: =S6 -> 2 | W6: 2 | Y6: =X6+W6 -> 2 | AA6: Pcs | AB6: =Y6 -> 2 | AC6: 2 | AD6: 5 | AE6: =AD6+AC6 -> 7 | AF6: 30000 | AG6: Pcs | AH6: =AE6 -> 7 | AI6: 7 | AK6: =AJ6+AI6 -> 7
A7: 2 | B7: Lakban Coklat Besar 2 inch (lebar 48mm x 90 yard) | C7: Pcs | D7: 8 | E7: 7 | G7: 7 | I7: Pcs | J7: 7 | K7: 7 | M7: =L7+K7 -> 7 | O7: Pcs | P7: 7 | Q7: 7 | S7: =R7+Q7 -> 7 | U7: Pcs | V7: =S7 -> 7 | W7: 7 | Y7: =X7+W7 -> 7 | AA7: Pcs | AB7: =Y7 -> 7 | AC7: 7 | AE7: =AD7+AC7 -> 7 | AG7: Pcs | AH7: =AE7 -> 7 | AI7: 7 | AK7: =AJ7+AI7 -> 7
A8: 3 | B8: Lakban Hitam Besar 2 inch (lebar 48mm x 90 yard) | C8: Pcs | D8: 5 | E8: 1 | F8: 5 | G8: 6 | H8: 80000 | I8: Pcs | J8: 6 | K8: 4 | M8: =L8+K8 -> 4 | O8: Pcs | P8: 4 | Q8: 2 | S8: =R8+Q8 -> 2 | U8: Pcs | V8: =S8 -> 2 | W8: 1 | Y8: =X8+W8 -> 1 | AA8: Pcs | AB8: =Y8 -> 1 | AC8: 1 | AE8: =AD8+AC8 -> 1 | AG8: Pcs | AH8: =AE8 -> 1 | AI8: 0 | AJ8: 10 | AK8: =AJ8+AI8 -> 10
A9: 4 | B9: Lakban Bening 2 inch (lebar 48mm x 90 yard) | C9: Pcs | D9: 3 | E9: 0 | F9: 3 | G9: 3 | H9: 28500 | I9: Pcs | J9: 3 | K9: 1 | L9: 5 | M9: =L9+K9 -> 6 | N9: 47500 | O9: Pcs | P9: 6 | Q9: 4 | S9: =R9+Q9 -> 4 | U9: Pcs | V9: =S9 -> 4 | W9: 2 | X9: 3 | Y9: =X9+W9 -> 5 | Z9: 36000 | AA9: Pcs | AB9: =Y9 -> 5 | AC9: 3 | AE9: =AD9+AC9 -> 3 | AG9: Pcs | AH9: =AE9 -> 3 | AI9: 0 | AJ9: 10 | AK9: =AJ9+AI9 -> 10 | AM9: 2
A10: 5 | B10: Lakban Bening Daimaru Sedang | C10: Pcs | D10: 5 | E10: 0 | F10: 5 | G10: 5 | H10: 37500 | I10: Pcs | J10: 5 | K10: 1 | L10: 5 | M10: =L10+K10 -> 6 | N10: 37500 | O10: Pcs | P10: 6 | Q10: 3 | S10: =R10+Q10 -> 3 | U10: Pcs | V10: =S10 -> 3 | W10: 1 | X10: 3 | Y10: =X10+W10 -> 4 | Z10: 24000 | AA10: Pcs | AB10: =Y10 -> 4 | AC10: 3 | AE10: =AD10+AC10 -> 3 | AG10: Pcs | AH10: =AE10 -> 3 | AI10: 2 | AJ10: 10 | AK10: =AJ10+AI10 -> 12
A11: 6 | B11: Lakban Bening Ukuran Kecil | C11: Pcs | D11: 2 | E11: 2 | G11: 2 | I11: Pcs | J11: 2 | K11: 0 | L11: 5 | M11: =L11+K11 -> 5 | N11: 17500 | O11: Pcs | P11: 5 | Q11: 3 | S11: =R11+Q11 -> 3 | U11: Pcs | V11: =S11 -> 3 | W11: 1 | X11: 3 | Y11: =X11+W11 -> 4 | Z11: 18000 | AA11: Pcs | AB11: =Y11 -> 4 | AC11: 2 | AE11: =AD11+AC11 -> 2 | AG11: Pcs | AH11: =AE11 -> 2 | AI11: 0 | AJ11: 10 | AK11: =AJ11+AI11 -> 10
A12: 7 | B12: Double Tip Ukuran Sedang | C12: Pcs | D12: 10 | E12: 3 | F12: 10 | G12: 13 | H12: 55000 | I12: Pcs | J12: 13 | K12: 6 | M12: =L12+K12 -> 6 | O12: Pcs | P12: 6 | Q12: 5 | S12: =R12+Q12 -> 5 | U12: Pcs | V12: =S12 -> 5 | W12: 5 | Y12: =X12+W12 -> 5 | AA12: Pcs | AB12: =Y12 -> 5 | AC12: 5 | AE12: =AD12+AC12 -> 5 | AG12: Pcs | AH12: =AE12 -> 5 | AI12: 5 | AJ12: 5 | AK12: =AJ12+AI12 -> 10
A13: 8 | B13: Double Tim 3M | C13: Pcs | D13: 5 | E13: 0 | F13: 3 | G13: 3 | H13: 60000 | I13: Pcs | J13: 3 | K13: 0 | L13: 3 | M13: =L13+K13 -> 3 | N13: 165000 | O13: Pcs | P13: 3 | Q13: 2 | S13: =R13+Q13 -> 2 | U13: Pcs | V13: =S13 -> 2 | W13: 2 | Y13: =X13+W13 -> 2 | AA13: Pcs | AB13: =Y13 -> 2 | AC13: 2 | AE13: =AD13+AC13 -> 2 | AG13: Pcs | AH13: =AE13 -> 2 | AI13: 2 | AJ13: 10 | AK13: =AJ13+AI13 -> 12
A14: 9 | B14: Label T & J No. 99 1 pack isi 10 pcs | C14: Pcs | D14: 30 | E14: 20 | G14: 20 | I14: Pcs | J14: 20 | K14: 20 | M14: =L14+K14 -> 20 | O14: Pcs | P14: 20 | Q14: 20 | S14: =R14+Q14 -> 20 | U14: Pcs | V14: =S14 -> 20 | W14: 20 | Y14: =X14+W14 -> 20 | AA14: Pcs | AB14: =Y14 -> 20 | AC14: 20 | AE14: =AD14+AC14 -> 20 | AG14: Pcs | AH14: =AE14 -> 20 | AI14: 20 | AJ14: 10 | AK14: =AJ14+AI14 -> 30
A15: 10 | B15: Label T & J No. 103 1 pack isi 10 pcs | C15: Pcs | D15: 30 | E15: 20 | G15: 20 | I15: Pcs | J15: 20 | K15: 20 | M15: =L15+K15 -> 20 | O15: Pcs | P15: 20 | Q15: 20 | S15: =R15+Q15 -> 20 | U15: Pcs | V15: =S15 -> 20 | W15: 20 | Y15: =X15+W15 -> 20 | AA15: Pcs | AB15: =Y15 -> 20 | AC15: 20 | AE15: =AD15+AC15 -> 20 | AG15: Pcs | AH15: =AE15 -> 20 | AI15: 20 | AJ15: 10 | AK15: =AJ15+AI15 -> 30
A16: 11 | B16: Label T & J No. 104 1 pack isi 10 pcs | C16: Pcs | D16: 10 | E16: 6 | G16: 6 | I16: Pcs | J16: 6 | K16: 2 | L16: 5 | M16: =L16+K16 -> 7 | N16: 27000 | O16: Pcs | P16: 7 | Q16: 7 | S16: =R16+Q16 -> 7 | U16: Pcs | V16: =S16 -> 7 | W16: 6 | Y16: =X16+W16 -> 6 | AA16: Pcs | AB16: =Y16 -> 6 | AC16: 6 | AE16: =AD16+AC16 -> 6 | AG16: Pcs | AH16: =AE16 -> 6 | AI16: 60 | AK16: =AJ16+AI16 -> 60
A17: 12 | B17: Label T & J No. 109 1 pack isi 10 pcs | C17: Pcs | D17: 10 | E17: 10 | G17: 10 | I17: Pcs | J17: 10 | K17: 8 | M17: =L17+K17 -> 8 | O17: Pcs | P17: 8 | Q17: 8 | S17: =R17+Q17 -> 8 | U17: Pcs | V17: =S17 -> 8 | W17: 6 | Y17: =X17+W17 -> 6 | AA17: Pcs | AB17: =Y17 -> 6 | AC17: 6 | AE17: =AD17+AC17 -> 6 | AG17: Pcs | AH17: =AE17 -> 6 | AI17: 10 | AJ17: 20 | AK17: =AJ17+AI17 -> 30
A18: 13 | B18: Label T & J No. 112 1 pack isi 10 pcs | C18: Pcs | D18: 30 | E18: 30 | G18: 30 | I18: Pcs | J18: 30 | K18: 30 | M18: =L18+K18 -> 30 | O18: Pcs | P18: 30 | Q18: 30 | S18: =R18+Q18 -> 30 | U18: Pcs | V18: =S18 -> 30 | W18: 30 | Y18: =X18+W18 -> 30 | AA18: Pcs | AB18: =Y18 -> 30 | AC18: 30 | AE18: =AD18+AC18 -> 30 | AG18: Pcs | AH18: =AE18 -> 30 | AI18: 30 | AK18: =AJ18+AI18 -> 30
A19: 14 | B19: Label T & J No. 121 1 pack isi 10 pcs | C19: Pcs | D19: 33 | E19: 30 | G19: 30 | I19: Pcs | J19: 30 | K19: 30 | M19: =L19+K19 -> 30 | O19: Pcs | P19: 30 | Q19: 30 | S19: =R19+Q19 -> 30 | U19: Pcs | V19: =S19 -> 30 | W19: 30 | Y19: =X19+W19 -> 30 | AA19: Pcs | AB19: =Y19 -> 30 | AC19: 30 | AE19: =AD19+AC19 -> 30 | AG19: Pcs | AH19: =AE19 -> 30 | AI19: 30 | AK19: =AJ19+AI19 -> 30
A20: 15 | B20: Label T & J No. 123 1 pack isi 10 pcs | C20: Pcs | D20: 160 | E20: 159 | G20: 159 | I20: Pcs | J20: 159 | K20: 158 | M20: =L20+K20 -> 158 | O20: Pcs | P20: 158 | Q20: 157 | S20: =R20+Q20 -> 157 | U20: Pcs | V20: =S20 -> 157 | W20: 155 | Y20: =X20+W20 -> 155 | AA20: Pcs | AB20: =Y20 -> 155 | AC20: 153 | AE20: =AD20+AC20 -> 153 | AG20: Pcs | AH20: =AE20 -> 153 | AI20: 150 | AK20: =AJ20+AI20 -> 150
A21: 16 | B21: Label T & J No. 124 1 pack isi 10 pcs | C21: Pcs | D21: 10 | E21: 5 | G21: 5 | I21: Pcs | J21: 5 | K21: 2 | L21: 5 | M21: =L21+K21 -> 7 | N21: 27000 | O21: Pcs | P21: 7 | Q21: 6 | S21: =R21+Q21 -> 6 | U21: Pcs | V21: =S21 -> 6 | W21: 6 | Y21: =X21+W21 -> 6 | AA21: Pcs | AB21: =Y21 -> 6 | AC21: 6 | AE21: =AD21+AC21 -> 6 | AG21: Pcs | AH21: =AE21 -> 6 | AI21: 40 | AK21: =AJ21+AI21 -> 40
A22: 17 | B22: Label T & J No. 126 1 pack isi 10 pcs | C22: Pcs | D22: 20 | E22: 20 | G22: 20 | I22: Pcs | J22: 20 | K22: 20 | M22: =L22+K22 -> 20 | O22: Pcs | P22: 20 | Q22: 20 | S22: =R22+Q22 -> 20 | U22: Pcs | V22: =S22 -> 20 | W22: 20 | Y22: =X22+W22 -> 20 | AA22: Pcs | AB22: =Y22 -> 20 | AC22: 20 | AE22: =AD22+AC22 -> 20 | AG22: Pcs | AH22: =AE22 -> 20 | AI22: 20 | AJ22: 20 | AK22: =AJ22+AI22 -> 40
A23: 18 | B23: Baterai Alkalin 1.5V A2 Isi 6 | C23: Pcs | D23: 14 | E23: 8 | G23: 8 | I23: Pcs | J23: 8 | K23: 4 | L23: 72 | M23: =L23+K23 -> 76 | N23: 336000 | O23: Pcs | P23: 76 | Q23: 38 | S23: =R23+Q23 -> 38 | U23: Pcs | V23: =S23 -> 38 | W23: 8 | X23: 42 | Y23: =X23+W23 -> 50 | Z23: 245000 | AA23: Pcs | AB23: =Y23 -> 50 | AC23: 2 | AD23: 60 | AE23: =AD23+AC23 -> 62 | AF23: 400000 | AG23: Pcs | AH23: =AE23 -> 62 | AI23: 42 | AK23: =AJ23+AI23 -> 42 | AM23: 6
A24: 19 | B24: Baterai Alkalin 1.5V A3 Isi 6 | C24: Pcs | D24: 14 | E24: 3 | F24: 6 | G24: 9 | H24: 28000 | I24: Pcs | J24: 9 | K24: 2 | L24: 72 | M24: =L24+K24 -> 74 | N24: 336000 | O24: Pcs | P24: 74 | Q24: 47 | S24: =R24+Q24 -> 47 | U24: Pcs | V24: =S24 -> 47 | W24: 7 | X24: 42 | Y24: =X24+W24 -> 49 | Z24: 245000 | AA24: Pcs | AB24: =Y24 -> 49 | AC24: 23 | AE24: =AD24+AC24 -> 23 | AG24: Pcs | AH24: =AE24 -> 23 | AI24: 6 | AK24: =AJ24+AI24 -> 6 | AM24: 3
A25: 20 | B25: Ballpoint Pilot Ball Liner Medium Black 1 pack isi 12 pcs | C25: Pcs | D25: 36 | E25: 25 | G25: 25 | I25: Pcs | J25: 25 | K25: 18 | L25: 40 | M25: =L25+K25 -> 58 | N25: 168000 | O25: Pcs | P25: 58 | Q25: 42 | S25: =R25+Q25 -> 42 | U25: Pcs | V25: =S25 -> 42 | W25: 23 | Y25: =X25+W25 -> 23 | AA25: Pcs | AB25: =Y25 -> 23 | AC25: 17 | AE25: =AD25+AC25 -> 17 | AG25: Pcs | AH25: =AE25 -> 17 | AI25: 17 | AJ25: 12 | AK25: =AJ25+AI25 -> 29
A26: 21 | B26: Ballpoint Pilot Ball Liner Medium Blue 1 pack isi 12 pcs | C26: Pcs | D26: 48 | E26: 40 | G26: 40 | I26: Pcs | J26: 40 | K26: 10 | L26: 46 | M26: =L26+K26 -> 56 | N26: 504000 | O26: Pcs | P26: 56 | Q26: 40 | S26: =R26+Q26 -> 40 | U26: Pcs | V26: =S26 -> 40 | W26: 31 | Y26: =X26+W26 -> 31 | AA26: Pcs | AB26: =Y26 -> 31 | AC26: 25 | AE26: =AD26+AC26 -> 25 | AG26: Pcs | AH26: =AE26 -> 25 | AI26: 25 | AK26: =AJ26+AI26 -> 25
A27: 22 | B27: Ballpoint Zebra Sarasa Clip Black (1.0) 1 pack isi 12 pcs | C27: Pcs | D27: 8 | E27: 6 | G27: 6 | I27: Pcs | J27: 6 | K27: 3 | M27: =L27+K27 -> 3 | O27: Pcs | P27: 3 | Q27: 1 | R27: 12 | S27: =R27+Q27 -> 13 | T27: 187200 | U27: Pcs | V27: =S27 -> 13 | W27: 9 | Y27: =X27+W27 -> 9 | AA27: Pcs | AB27: =Y27 -> 9 | AC27: 5 | AE27: =AD27+AC27 -> 5 | AG27: Pcs | AH27: =AE27 -> 5 | AI27: 0 | AK27: =AJ27+AI27 -> 0
A28: 23 | B28: Ballpoint Zebra Sarasa Clip Black (0,7) 1 pack isi 12 pcs | C28: Pcs | D28: 8 | E28: 5 | G28: 5 | I28: Pcs | J28: 5 | K28: 3 | M28: =L28+K28 -> 3 | O28: Pcs | P28: 3 | Q28: 1 | S28: =R28+Q28 -> 1 | U28: Pcs | V28: =S28 -> 1 | W28: 0 | Y28: =X28+W28 -> 0 | AA28: Pcs | AB28: =Y28 -> 0 | AC28: 0 | AE28: =AD28+AC28 -> 0 | AG28: Pcs | AH28: =AE28 -> 0 | AI28: 0 | AK28: =AJ28+AI28 -> 0
A29: 24 | B29: Ballpoint Zebra Sarasa Clip Black (0.5) 1 pack isi 12 pcs | C29: Pcs | D29: 29 | E29: 5 | F29: 24 | G29: 29 | H29: 324000 | I29: Pcs | J29: 29 | K29: 21 | M29: =L29+K29 -> 21 | O29: Pcs | P29: 21 | Q29: 4 | R29: 60 | S29: =R29+Q29 -> 64 | T29: 810000 | U29: Pcs | V29: =S29 -> 64 | W29: 30 | Y29: =X29+W29 -> 30 | AA29: Pcs | AB29: =Y29 -> 30 | AC29: 15 | AE29: =AD29+AC29 -> 15 | AG29: Pcs | AH29: =AE29 -> 15 | AI29: 5 | AK29: =AJ29+AI29 -> 5
A30: 25 | B30: Pulpen Snowman V5 0.7 Merah | C30: Pcs | D30: 6 | E30: 3 | F30: 5 | G30: 8 | H30: 13000 | I30: Pcs | J30: 8 | K30: 5 | M30: =L30+K30 -> 5 | O30: Pcs | P30: 5 | Q30: 5 | S30: =R30+Q30 -> 5 | U30: Pcs | V30: =S30 -> 5 | W30: 5 | Y30: =X30+W30 -> 5 | AA30: Pcs | AB30: =Y30 -> 5 | AC30: 5 | AE30: =AD30+AC30 -> 5 | AG30: Pcs | AH30: =AE30 -> 5 | AI30: 5 | AK30: =AJ30+AI30 -> 5
A31: 26 | B31: Clear Holder Folio F4 Size Isi 60 | C31: Pcs | D31: 33 | E31: 28 | G31: 28 | I31: Pcs | J31: 28 | K31: 25 | M31: =L31+K31 -> 25 | O31: Pcs | P31: 25 | Q31: 24 | S31: =R31+Q31 -> 24 | U31: Pcs | V31: =S31 -> 24 | W31: 24 | Y31: =X31+W31 -> 24 | AA31: Pcs | AB31: =Y31 -> 24 | AC31: 24 | AE31: =AD31+AC31 -> 24 | AG31: Pcs | AH31: =AE31 -> 24 | AI31: 24 | AJ31: 60 | AK31: =AJ31+AI31 -> 84
A32: 27 | B32: Benex Black 2 Rings (75mm) Labela | C32: Pcs | D32: 35 | E32: 33 | G32: 33 | I32: Pcs | J32: 33 | K32: 30 | M32: =L32+K32 -> 30 | O32: Pcs | P32: 30 | Q32: 29 | S32: =R32+Q32 -> 29 | U32: Pcs | V32: =S32 -> 29 | W32: 26 | Y32: =X32+W32 -> 26 | AA32: Pcs | AB32: =Y32 -> 26 | AC32: 24 | AE32: =AD32+AC32 -> 24 | AG32: Pcs | AH32: =AE32 -> 24 | AI32: 24 | AK32: =AJ32+AI32 -> 24
A33: 28 | B33: Sign Here Warna Warni Joyko 1 pack isi 12 pcs | C33: Pcs | D33: 1 | E33: 0 | F33: 12 | G33: 12 | H33: 192000 | I33: Pcs | J33: 12 | K33: 8 | M33: =L33+K33 -> 8 | O33: Pcs | P33: 8 | Q33: 8 | S33: =R33+Q33 -> 8 | U33: Pcs | V33: =S33 -> 8 | W33: 8 | Y33: =X33+W33 -> 8 | AA33: Pcs | AB33: =Y33 -> 8 | AC33: 8 | AE33: =AD33+AC33 -> 8 | AG33: Pcs | AH33: =AE33 -> 8 | AI33: 8 | AK33: =AJ33+AI33 -> 8
A34: 29 | B34: Sign Here Biasa Joyko 1 pack isi 24 pcs | C34: Pcs | D34: 204 | E34: 200 | G34: 200 | I34: Pcs | J34: 200 | K34: 178 | M34: 178 | O34: Pcs | P34: 178 | Q34: 166 | S34: =R34+Q34 -> 166 | U34: Pcs | V34: =S34 -> 166 | W34: 150 | Y34: =X34+W34 -> 150 | AA34: Pcs | AB34: =Y34 -> 150 | AC34: 148 | AE34: =AD34+AC34 -> 148 | AG34: Pcs | AH34: =AE34 -> 148 | AI34: 144 | AJ34: 2 | AK34: =AJ34+AI34 -> 146
A35: 30 | B35: Sticky Notes Kecil (5x5 cm) Pronto 1 pack isi 12 pcs | C35: Pack | D35: 13 | E35: 13 | G35: 12 | I35: Pcs | J35: 13 | K35: 13 | M35: =L35+K35 -> 13 | O35: Pack | P35: 13 | Q35: 13 | S35: =R35+Q35 -> 13 | U35: Pack | V35: =S35 -> 13 | W35: 13 | Y35: =X35+W35 -> 13 | AA35: Pack | AB35: =Y35 -> 13 | AC35: 13 | AE35: =AD35+AC35 -> 13 | AG35: Pack | AH35: =AE35 -> 13 | AI35: 13 | AK35: =AJ35+AI35 -> 13
A36: 31 | B36: Sticky Notes Sedang 76 x 51 mm Pronto 1 pack isi 12 pcs | C36: Pcs | D36: 151 | E36: 147 | G36: 147 | I36: Pcs | J36: 147 | K36: 146 | M36: =L36+K36 -> 146 | O36: Pcs | P36: 146 | Q36: 145 | S36: =R36+Q36 -> 145 | U36: Pcs | V36: =S36 -> 145 | W36: 144 | Y36: =X36+W36 -> 144 | AA36: Pcs | AB36: =Y36 -> 144 | AC36: 144 | AE36: =AD36+AC36 -> 144 | AG36: Pcs | AH36: =AE36 -> 144 | AI36: 144 | AK36: =AJ36+AI36 -> 144
A37: 32 | B37: Sticky Notes Besar 76 x 76 mm Pronto 1 pack isi 12 pcs | C37: Pcs | D37: 12 | E37: 10 | G37: 10 | I37: Pcs | J37: 10 | K37: 9 | M37: =L37+K37 -> 9 | O37: Pcs | P37: 8 | Q37: 8 | S37: =R37+Q37 -> 8 | U37: Pcs | V37: =S37 -> 8 | W37: 7 | Y37: =X37+W37 -> 7 | AA37: Pcs | AB37: =Y37 -> 7 | AC37: 7 | AE37: =AD37+AC37 -> 7 | AG37: Pcs | AH37: =AE37 -> 7 | AI37: 7 | AJ37: 24 | AK37: =AJ37+AI37 -> 31
A38: 33 | B38: Kertas A4 (75 gram) | C38: Rim | D38: 6 | E38: 2 | F38: 30 | G38: 32 | H38: 1290000 | I38: Rim | J38: 32 | K38: 3 | L38: 70 | M38: =L38+K38 -> 73 | N38: 2940000 | O38: Rim | P38: 73 | Q38: 64 | S38: =R38+Q38 -> 64 | U38: Rim | V38: =S38 -> 64 | W38: 8 | X38: 50 | Y38: =X38+W38 -> 58 | Z38: 2475000 | AA38: Rim | AB38: =Y38 -> 58 | AD38: 40 | AE38: =AD38+AC38 -> 40 | AF38: 1792000 | AG38: Rim | AH38: =AE38 -> 40 | AI38: 48 | AJ38: 5 | AK38: =AJ38+AI38 -> 53 | AM38: 19 | AN38: =AM38-3 -> 16
A39: 34 | B39: Kertas F4 (75 gram) | C39: Rim | D39: 13 | E39: 11 | G39: 11 | I39: Rim | J39: 11 | K39: 11 | M39: =L39+K39 -> 11 | O39: Rim | P39: 11 | Q39: 11 | S39: =R39+Q39 -> 11 | U39: Rim | V39: =S39 -> 11 | W39: 11 | Y39: =X39+W39 -> 11 | AA39: Rim | AB39: =Y39 -> 11 | AC39: 11 | AE39: =AD39+AC39 -> 11 | AG39: Rim | AH39: =AE39 -> 11 | AI39: 11 | AK39: =AJ39+AI39 -> 11
A40: 35 | B40: Kertas Kop BPJS Kesehatan | C40: Rim | D40: 11 | E40: 9 | G40: 9 | I40: Rim | J40: 9 | K40: 5 | M40: =L40+K40 -> 5 | O40: Rim | P40: 5 | Q40: 2 | S40: 2 | U40: Rim | V40: =S40 -> 2 | W40: 1 | X40: 10 | Y40: =X40+W40 -> 11 | AA40: Rim | AB40: =Y40 -> 11 | AC40: 8 | AE40: =AD40+AC40 -> 8 | AG40: Rim | AH40: =AE40 -> 8 | AI40: 3 | AK40: =AJ40+AI40 -> 3
A41: 36 | B41: Bindex File Jumbo 1034B | C41: Pcs | D41: 24 | E41: 20 | G41: 20 | I41: Pcs | J41: 20 | K41: 14 | M41: =L41+K41 -> 14 | O41: Pcs | P41: 14 | Q41: 13 | S41: =R41+Q41 -> 13 | U41: Pcs | V41: =S41 -> 13 | W41: 13 | Y41: =X41+W41 -> 13 | AA41: Pcs | AB41: =Y41 -> 13 | AC41: 11 | AE41: =AD41+AC41 -> 11 | AG41: Pcs | AH41: =AE41 -> 11 | AI41: 10 | AK41: =AJ41+AI41 -> 10
A42: 37 | B42: Snowman Spidol Permanent Black 1 pack isi 12 | C42: Pcs | D42: 12 | E42: 10 | G42: 10 | I42: Pcs | J42: 10 | K42: 8 | M42: =L42+K42 -> 8 | O42: Pcs | P42: 8 | Q42: 5 | S42: =R42+Q42 -> 5 | U42: Pcs | V42: =S42 -> 5 | W42: 5 | Y42: =X42+W42 -> 5 | AA42: Pcs | AB42: =Y42 -> 5 | AC42: 3 | AE42: =AD42+AC42 -> 3 | AG42: Pcs | AH42: =AE42 -> 3 | AI42: 0 | AJ42: 5 | AK42: =AJ42+AI42 -> 5
A43: 38 | B43: Snowman Spidol Papan Tulis BG-12 Black | C43: Pcs | D43: 22 | E43: 10 | F43: 5 | G43: 15 | H43: 33000 | I43: Pcs | J43: 15 | K43: 15 | M43: =L43+K43 -> 15 | O43: Pcs | P43: 15 | Q43: 13 | S43: =R43+Q43 -> 13 | U43: Pcs | V43: =S43 -> 13 | W43: 12 | Y43: =X43+W43 -> 12 | AA43: Pcs | AB43: =Y43 -> 12 | AC43: 12 | AE43: =AD43+AC43 -> 12 | AG43: Pcs | AH43: =AE43 -> 12 | AI43: 12 | AK43: =AJ43+AI43 -> 12
A44: 39 | B44: Snowman Spidol Papan Tulis BG-12 Blue | C44: Pcs | D44: 11 | E44: 11 | G44: 11 | I44: Pcs | J44: 11 | K44: 11 | M44: =L44+K44 -> 11 | O44: Pcs | P44: 11 | Q44: 11 | S44: =R44+Q44 -> 11 | U44: Pcs | V44: =S44 -> 11 | W44: 11 | Y44: =X44+W44 -> 11 | AA44: Pcs | AB44: =Y44 -> 11 | AC44: 9 | AE44: =AD44+AC44 -> 9 | AG44: Pcs | AH44: =AE44 -> 9 | AI44: 6 | AK44: =AJ44+AI44 -> 6
A45: 40 | B45: Snowman Spidol Papan Tulis BG-12 Red | C45: Pcs | D45: 10 | E45: 10 | G45: 10 | I45: Pcs | J45: 10 | K45: 10 | M45: =L45+K45 -> 10 | O45: Pcs | P45: 10 | Q45: 10 | S45: =R45+Q45 -> 10 | U45: Pcs | V45: =S45 -> 10 | W45: 10 | Y45: =X45+W45 -> 10 | AA45: Pcs | AB45: =Y45 -> 10 | AC45: 8 | AE45: =AD45+AC45 -> 8 | AG45: Pcs | AH45: =AE45 -> 8 | AI45: 8 | AK45: =AJ45+AI45 -> 8
A46: 41 | B46: Snowman Spidol ABG - 12 Black | C46: Pcs | D46: 3 | E46: 3 | G46: 3 | I46: Pcs | J46: 3 | K46: 3 | M46: =L46+K46 -> 3 | O46: Pcs | P46: 3 | Q46: 3 | S46: =R46+Q46 -> 3 | U46: Pcs | V46: =S46 -> 3 | W46: 3 | Y46: =X46+W46 -> 3 | AA46: Pcs | AB46: =Y46 -> 3 | AC46: 3 | AE46: =AD46+AC46 -> 3 | AG46: Pcs | AH46: =AE46 -> 3 | AI46: 3 | AK46: =AJ46+AI46 -> 3
A47: 42 | B47: Spidol Besar Snowman 500 | C47: Pcs | D47: 1 | E47: 1 | G47: 1 | I47: Pcs | J47: 1 | K47: 1 | M47: =L47+K47 -> 1 | O47: Pcs | P47: 1 | Q47: 1 | S47: =R47+Q47 -> 1 | U47: Pcs | V47: =S47 -> 1 | W47: 1 | Y47: =X47+W47 -> 1 | AA47: Pcs | AB47: =Y47 -> 1 | AC47: 1 | AE47: =AD47+AC47 -> 1 | AG47: Pcs | AH47: =AE47 -> 1 | AI47: 1 | AK47: =AJ47+AI47 -> 1
A48: 43 | B48: Spidol Snowman 450 | C48: Pcs | D48: 1 | E48: 0 | F48: 3 | G48: 3 | H48: 45000 | I48: Pcs | J48: 3 | K48: 3 | M48: =L48+K48 -> 3 | O48: Pcs | P48: 3 | Q48: 3 | S48: =R48+Q48 -> 3 | U48: Pcs | V48: =S48 -> 3 | W48: 2 | Y48: =X48+W48 -> 2 | AA48: Pcs | AB48: =Y48 -> 2 | AC48: 1 | AE48: =AD48+AC48 -> 1 | AG48: Pcs | AH48: =AE48 -> 1 | AI48: 1 | AK48: =AJ48+AI48 -> 1
A49: 44 | B49: Refill Snowman V5 0.7 1 pack isi 12 pcs | C49: Pcs | D49: 26 | E49: 24 | G49: 24 | I49: Pcs | J49: 24 | K49: 24 | M49: =L49+K49 -> 24 | O49: Pcs | P49: 24 | Q49: 24 | S49: =R49+Q49 -> 24 | U49: Pcs | V49: =S49 -> 24 | W49: 24 | Y49: =X49+W49 -> 24 | AA49: Pcs | AB49: =Y49 -> 24 | AC49: 24 | AE49: =AD49+AC49 -> 24 | AG49: Pcs | AH49: =AE49 -> 24 | AI49: 24 | AK49: =AJ49+AI49 -> 24
A50: 45 | B50: Stabilo Plan 2,5 - 3,5 MM Red | C50: Pcs | D50: 1 | E50: 1 | G50: 1 | I50: Pcs | J50: 1 | K50: 1 | M50: =L50+K50 -> 1 | O50: Pcs | P50: 1 | Q50: 1 | S50: =R50+Q50 -> 1 | U50: Pcs | V50: =S50 -> 1 | W50: 1 | Y50: =X50+W50 -> 1 | AA50: Pcs | AB50: =Y50 -> 1 | AC50: 1 | AE50: =AD50+AC50 -> 1 | AG50: Pcs | AH50: =AE50 -> 1 | AI50: 1 | AK50: =AJ50+AI50 -> 1
A51: 46 | B51: Gunting Scissors Joyko SC-828 | C51: Pcs | D51: 5 | E51: 3 | F51: 1 | G51: 4 | H51: 9800 | I51: Pcs | J51: 4 | K51: 2 | L51: 5 | M51: =L51+K51 -> 7 | N51: 32500 | O51: Pcs | P51: 7 | Q51: 4 | R51: 5 | S51: =R51+Q51 -> 9 | T51: 30000 | U51: Pcs | V51: =S51 -> 9 | W51: 5 | Y51: =X51+W51 -> 5 | AA51: Pcs | AB51: =Y51 -> 5 | AC51: 1 | AD51: 5 | AE51: =AD51+AC51 -> 6 | AF51: 45000 | AG51: Pcs | AH51: =AE51 -> 6 | AI51: 5 | AK51: =AJ51+AI51 -> 5
A52: 47 | B52: Gunting Scissors Joyko SC-838 | C52: Pcs | D52: 5 | E52: 2 | F52: 2 | G52: 4 | H52: 19600 | I52: Pcs | J52: 4 | K52: 1 | L52: 5 | M52: =L52+K52 -> 6 | N52: 33000 | O52: Pcs | P52: 6 | Q52: 2 | R52: 5 | S52: =R52+Q52 -> 7 | T52: 33000 | U52: Pcs | V52: =S52 -> 7 | W52: 1 | X52: 5 | Y52: =X52+W52 -> 6 | Z52: 50000 | AA52: Pcs | AB52: =Y52 -> 6 | AC52: 1 | AD52: 5 | AE52: =AD52+AC52 -> 6 | AF52: 60000 | AG52: Pcs | AH52: =AE52 -> 6 | AI52: 2 | AJ52: 5 | AK52: =AJ52+AI52 -> 7
A53: 48 | B53: Gunting Scissors Joyko SC-848 | C53: Pcs | D53: 5 | E53: 2 | F53: 2 | G53: 4 | H53: 19600 | I53: Pcs | J53: 4 | K53: 2 | L53: 5 | M53: =L53+K53 -> 7 | N53: 49000 | O53: Pcs | P53: 7 | Q53: 3 | S53: =R53+Q53 -> 3 | U53: Pcs | V53: =S53 -> 3 | W53: 2 | X53: 3 | Y53: =X53+W53 -> 5 | Z53: 48000 | AA53: Pcs | AB53: =Y53 -> 5 | AC53: 3 | AE53: =AD53+AC53 -> 3 | AG53: Pcs | AH53: =AE53 -> 3 | AI53: 2 | AJ53: 1 | AK53: =AJ53+AI53 -> 3
A54: 49 | B54: Set Pen Holder Tempat Alat Tulis Joyko Meja Kantor DS-23 | C54: Pcs | D54: 2 | E54: 2 | G54: 2 | I54: Pcs | J54: 2 | K54: 2 | M54: =L54+K54 -> 2 | O54: Pcs | P54: 2 | Q54: 1 | S54: =R54+Q54 -> 1 | U54: Pcs | V54: =S54 -> 1 | W54: 1 | Y54: =X54+W54 -> 1 | AA54: Pcs | AB54: =Y54 -> 1 | AC54: 1 | AE54: =AD54+AC54 -> 1 | AG54: Pcs | AH54: =AE54 -> 1 | AI54: 0 | AJ54: 3 | AK54: =AJ54+AI54 -> 3
A55: 50 | B55: Joyko Tempat Pensil DS-18 | C55: Pcs | D55: 13 | E55: 13 | G55: 13 | I55: Pcs | J55: 13 | K55: 12 | M55: =L55+K55 -> 12 | O55: Pcs | P55: 12 | Q55: 11 | S55: =R55+Q55 -> 11 | U55: Pcs | V55: =S55 -> 11 | W55: 10 | Y55: =X55+W55 -> 10 | AA55: Pcs | AB55: =Y55 -> 10 | AC55: 9 | AE55: =AD55+AC55 -> 9 | AG55: Pcs | AH55: =AE55 -> 9 | AI55: 9 | AK55: =AJ55+AI55 -> 9
A56: 51 | B56: Joyko Rak Dokumen DT-25 (3 susun) | C56: Pcs | D56: 19 | E56: 17 | G56: 17 | I56: Pcs | J56: 17 | K56: 15 | M56: =L56+K56 -> 15 | O56: Pcs | P56: 15 | Q56: 13 | S56: =R56+Q56 -> 13 | U56: Pcs | V56: =S56 -> 13 | W56: 11 | Y56: =X56+W56 -> 11 | AA56: Pcs | AB56: =Y56 -> 11 | AC56: 9 | AE56: =AD56+AC56 -> 9 | AG56: Pcs | AH56: =AE56 -> 9 | AI56: 7 | AK56: =AJ56+AI56 -> 7
A57: 52 | B57: Rak Dokumen Ukuran Kertas F4 (2 susun) | C57: Pcs | D57: 3 | E57: 3 | G57: 3 | I57: Pcs | J57: 3 | K57: 3 | M57: =L57+K57 -> 3 | O57: Pcs | P57: 3 | Q57: 3 | S57: =R57+Q57 -> 3 | U57: Pcs | V57: =S57 -> 3 | W57: 3 | Y57: =X57+W57 -> 3 | AA57: Pcs | AB57: =Y57 -> 3 | AC57: 3 | AE57: =AD57+AC57 -> 3 | AG57: Pcs | AH57: =AE57 -> 3 | AI57: 3 | AK57: =AJ57+AI57 -> 3
A58: 53 | B58: Materai 10000 (1 Lembar isi 100 Pcs) | C58: Pcs | D58: 413 | E58: - | G58: - | I58: Pcs | J58: - | K58: - | M58: - | O58: Pcs | P58: - | S58: - | U58: Pcs | V58: - | W58: - | X58: - | Y58: - | AA58: Pcs | AB58: =Y58 -> - | AC58: - | AE58: - | AG58: Pcs | AH58: =AE58 -> - | AI58: - | AK58: =AJ58+AI58 -> #VALUE!
A59: 54 | B59: Stapler Kenko HD-10N | C59: Pcs | D59: 2 | E59: 2 | G59: 2 | I59: Pcs | J59: 2 | K59: 2 | M59: =L59+K59 -> 2 | O59: Pcs | P59: 2 | Q59: 1 | R59: 5 | S59: =R59+Q59 -> 6 | T59: 40000 | U59: Pcs | V59: =S59 -> 6 | W59: 2 | X59: 10 | Y59: =X59+W59 -> 12 | Z59: 140000 | AA59: Pcs | AB59: =Y59 -> 12 | AC59: 8 | AE59: =AD59+AC59 -> 8 | AG59: Pcs | AH59: =AE59 -> 8 | AI59: 6 | AK59: =AJ59+AI59 -> 6
A60: 55 | B60: Stapler Kenko HD-50N | C60: Pcs | D60: 4 | E60: 4 | G60: 4 | I60: Pcs | J60: 4 | K60: 2 | M60: =L60+K60 -> 2 | O60: Pcs | P60: 2 | Q60: 1 | S60: =R60+Q60 -> 1 | U60: Pcs | V60: =S60 -> 1 | W60: 3 | X60: 5 | Y60: =X60+W60 -> 8 | Z60: 170000 | AA60: Pcs | AB60: =Y60 -> 8 | AC60: 8 | AE60: =AD60+AC60 -> 8 | AG60: Pcs | AH60: =AE60 -> 8 | AI60: 8 | AK60: =AJ60+AI60 -> 8
A61: 56 | B61: Isi Staples No.3 - 1 M Fine 1 pack isi 20 box kecil | C61: Box Kecil | D61: 20 | E61: 18 | G61: 18 | I61: Box Kecil | J61: 18 | K61: 13 | M61: =L61+K61 -> 13 | O61: Box Kecil | P61: 13 | Q61: 12 | S61: =R61+Q61 -> 12 | U61: Box Kecil | V61: =S61 -> 12 | W61: 12 | Y61: =X61+W61 -> 12 | AA61: Box Kecil | AB61: =Y61 -> 12 | AC61: 12 | AE61: =AD61+AC61 -> 12 | AG61: Box Kecil | AH61: =AE61 -> 12 | AI61: 12 | AJ61: 20 | AK61: =AJ61+AI61 -> 32
A62: 57 | B62: Isi Staples Kenko No.3-1M 1 pack isi 20 box kecil | C62: Pcs | D62: 90 | E62: 82 | G62: 82 | I62: Pcs | J62: 82 | K62: 80 | M62: =L62+K62 -> 80 | O62: Pcs | P62: 80 | Q62: 76 | S62: =R62+Q62 -> 76 | U62: Pcs | V62: =S62 -> 76 | W62: 70 | Y62: 70 | AA62: Pcs | AB62: =Y62 -> 70 | AC62: 65 | AE62: =AD62+AC62 -> 65 | AG62: Pcs | AH62: =AE62 -> 65 | AI62: 60 | AK62: =AJ62+AI62 -> 60
A63: 58 | B63: Isi Staples Kenko No.10-1M 1 pack isi 20 box kecil | C63: Pcs | D63: 64 | E63: 63 | G63: 63 | I63: Pcs | J63: 63 | K63: 61 | M63: =L63+K63 -> 61 | O63: Pcs | P63: 61 | Q63: 54 | S63: =R63+Q63 -> 54 | U63: Pcs | V63: =S63 -> 54 | W63: 50 | Y63: =X63+W63 -> 50 | AA63: Pcs | AB63: =Y63 -> 50 | AC63: 45 | AE63: =AD63+AC63 -> 45 | AG63: Pcs | AH63: =AE63 -> 45 | AI63: 40 | AK63: =AJ63+AI63 -> 40
A64: 59 | B64: Etona Staples No.10 - 1 M | C64: Pack | D64: 8 | E64: 7 | G64: 7 | I64: Pack | J64: 7 | K64: 7 | M64: =L64+K64 -> 7 | O64: Pack | P64: 7 | Q64: 7 | S64: =R64+Q64 -> 7 | U64: Pack | V64: =S64 -> 7 | W64: 7 | Y64: =X64+W64 -> 7 | AA64: Pack | AB64: =Y64 -> 7 | AC64: 7 | AE64: =AD64+AC64 -> 7 | AG64: Pack | AH64: =AE64 -> 7 | AI64: 7 | AK64: =AJ64+AI64 -> 7
A65: 60 | B65: Alat Pelepas Staples SR 51 | C65: Pcs | D65: 4 | E65: 1 | F65: 3 | G65: 4 | H65: 30000 | I65: Pcs | J65: 4 | K65: 3 | M65: =L65+K65 -> 3 | O65: Pcs | P65: 3 | Q65: 3 | S65: =R65+Q65 -> 3 | U65: Pcs | V65: =S65 -> 3 | W65: 1 | Y65: =X65+W65 -> 1 | AA65: Pcs | AB65: =Y65 -> 1 | AC65: 1 | AE65: =AD65+AC65 -> 1 | AG65: Pcs | AH65: =AE65 -> 1 | AI65: 1 | AJ65: 6 | AK65: =AJ65+AI65 -> 7
A66: 61 | B66: Cutter Joyko L-500 | C66: Pcs | D66: 3 | E66: 0 | F66: 3 | G66: 3 | H66: 39000 | I66: Pcs | J66: 3 | K66: 2 | M66: =L66+K66 -> 2 | O66: Pcs | P66: 2 | Q66: 2 | S66: =R66+Q66 -> 2 | U66: Pcs | V66: =S66 -> 2 | W66: 1 | Y66: =X66+W66 -> 1 | AA66: Pcs | AB66: =Y66 -> 1 | AD66: 3 | AE66: =AD66+AC66 -> 3 | AF66: 63000 | AG66: Pcs | AH66: =AE66 -> 3 | AI66: 2 | AK66: =AJ66+AI66 -> 2
A67: 62 | B67: Cutter Joyko A-300 | C67: Pcs | D67: 3 | E67: 0 | F67: 3 | G67: 3 | H67: 15000 | I67: Pcs | J67: 3 | K67: 3 | M67: =L67+K67 -> 3 | O67: Pcs | P67: 3 | Q67: 3 | S67: =R67+Q67 -> 3 | U67: Pcs | V67: =S67 -> 3 | W67: 1 | Y67: =X67+W67 -> 1 | AA67: Pcs | AB67: =Y67 -> 1 | AD67: 5 | AE67: =AD67+AC67 -> 5 | AF67: 55000 | AG67: Pcs | AH67: =AE67 -> 5 | AI67: 4 | AK67: =AJ67+AI67 -> 4
A68: 63 | B68: Isi Cutter Joyko L-500 1 pack isi 12 pcs | C68: Pcs | D68: 35 | E68: 20 | F68: 12 | G68: 32 | H68: 64800 | I68: Pcs | J68: 32 | K68: 28 | M68: =L68+K68 -> 28 | O68: Pcs | P68: 28 | Q68: 24 | S68: =R68+Q68 -> 24 | U68: Pcs | V68: =S68 -> 24 | W68: 19 | Y68: =X68+W68 -> 19 | AA68: Pcs | AB68: =Y68 -> 19 | AE68: =AD68+AC68 -> 0 | AG68: Pcs | AH68: =AE68 -> 0 | AI68: 36 | AK68: =AJ68+AI68 -> 36
A69: 64 | B69: Isi Cutter Joyko A-300 1 pack isi 12 pcs | C69: Pcs | D69: 35 | E69: 20 | F69: 12 | G69: 32 | H69: 32400 | I69: Pcs | J69: 32 | K69: 28 | M69: =L69+K69 -> 28 | O69: Pcs | P69: 28 | Q69: 23 | S69: =R69+Q69 -> 23 | U69: Pcs | V69: =S69 -> 23 | Y69: =X69+W69 -> 0 | AA69: Pcs | AB69: =Y69 -> 0 | AE69: =AD69+AC69 -> 0 | AG69: Pcs | AH69: =AE69 -> 0 | AI69: 36 | AK69: =AJ69+AI69 -> 36
A70: 65 | B70: Paper Clips No. 5 1 pack isi 10 box kecil | C70: Box Kecil | D70: 30 | E70: 28 | G70: 28 | I70: Box Kecil | J70: 28 | K70: 25 | M70: =L70+K70 -> 25 | O70: Box Kecil | P70: 25 | Q70: 21 | S70: =R70+Q70 -> 21 | U70: Box Kecil | V70: =S70 -> 21 | Y70: =X70+W70 -> 0 | AA70: Box Kecil | AB70: =Y70 -> 0 | AE70: =AD70+AC70 -> 0 | AG70: Box Kecil | AH70: =AE70 -> 0 | AI70: 30 | AK70: =AJ70+AI70 -> 30
A71: 66 | B71: Paper Clips No. 3 1 pack isi 10 box kecil | C71: Box Kecil | D71: 40 | E71: 35 | G71: 35 | I71: Box Kecil | J71: 35 | K71: 30 | M71: =L71+K71 -> 30 | O71: Box Kecil | P71: 30 | Q71: 27 | S71: =R71+Q71 -> 27 | U71: Box Kecil | V71: =S71 -> 27 | W71: 12 | X71: 20 | Y71: =X71+W71 -> 32 | Z71: 46000 | AA71: Box Kecil | AB71: =Y71 -> 32 | AC71: 26 | AE71: =AD71+AC71 -> 26 | AG71: Box Kecil | AH71: =AE71 -> 26 | AI71: 20 | AK71: =AJ71+AI71 -> 20
A72: 67 | B72: Binder Clips Joyko No. 300 1 dus isi 6 pcs | C72: Pcs | D72: 72 | E72: 30 | F72: 60 | G72: 90 | H72: 500000 | I72: Pcs | J72: 90 | K72: 78 | M72: 78 | O72: Pcs | P72: 78 | Q72: 62 | S72: =R72+Q72 -> 62 | U72: Pcs | V72: =S72 -> 62 | W72: 58 | Y72: =X72+W72 -> 58 | AA72: Pcs | AB72: =Y72 -> 58 | AC72: 42 | AE72: =AD72+AC72 -> 42 | AG72: Pcs | AH72: =AE72 -> 42 | AI72: 35 | AK72: =AJ72+AI72 -> 35
A73: 68 | B73: Binder Clips Joyko No. 260 1 dus isi 12 pcs | C73: Dus | D73: 96 | E73: 94 | G73: 94 | I73: Dus | J73: 94 | K73: 87 | M73: =L73+K73 -> 87 | O73: Dus | P73: 87 | Q73: 85 | S73: =R73+Q73 -> 85 | U73: Dus | V73: =S73 -> 85 | W73: 84 | Y73: =X73+W73 -> 84 | AA73: Dus | AB73: =Y73 -> 84 | AC73: 84 | AE73: =AD73+AC73 -> 84 | AG73: Dus | AH73: =AE73 -> 84 | AI73: 84 | AK73: =AJ73+AI73 -> 84
A74: 69 | B74: Binder Clips Joyko No. 200 1 dus isi 12 Pcs | C74: Dus | D74: 144 | E74: 140 | G74: 140 | I74: Dus | J74: 140 | K74: 134 | M74: =L74+K74 -> 134 | O74: Dus | P74: 134 | Q74: 127 | S74: =R74+Q74 -> 127 | U74: Dus | V74: =S74 -> 127 | W74: 119 | Y74: =X74+W74 -> 119 | AA74: Dus | AB74: =Y74 -> 119 | AC74: 111 | AE74: =AD74+AC74 -> 111 | AG74: Dus | AH74: =AE74 -> 111 | AI74: 108 | AK74: =AJ74+AI74 -> 108
A75: 70 | B75: Binder Clips Joyko No. 155 1 dus isi 12 box kecil | C75: Box Kecil | D75: 52 | E75: 50 | G75: 50 | I75: Box Kecil | J75: 50 | K75: 49 | M75: =L75+K75 -> 49 | O75: Box Kecil | P75: 49 | Q75: 48 | S75: =R75+Q75 -> 48 | U75: Box Kecil | V75: =S75 -> 48 | W75: 48 | Y75: =X75+W75 -> 48 | AA75: Box Kecil | AB75: =Y75 -> 48 | AC75: 48 | AE75: =AD75+AC75 -> 48 | AG75: Box Kecil | AH75: =AE75 -> 48 | AI75: 48 | AK75: =AJ75+AI75 -> 48
A76: 71 | B76: Binder Clips Joyko No. 111 1 dus isi 12 box kecil | C76: Box Kecil | D76: 89 | E76: 85 | G76: 85 | I76: Box Kecil | J76: 85 | K76: 81 | M76: =L76+K76 -> 81 | O76: Box Kecil | P76: 81 | Q76: 78 | S76: =R76+Q76 -> 78 | U76: Box Kecil | V76: =S76 -> 78 | W76: 75 | Y76: =X76+W76 -> 75 | AA76: Box Kecil | AB76: =Y76 -> 75 | AC76: 73 | AE76: =AD76+AC76 -> 73 | AG76: Box Kecil | AH76: =AE76 -> 73 | AI76: 72 | AK76: =AJ76+AI76 -> 72
A77: 72 | B77: Binder Clips Joyko No. 107 1 dus isi 12 box kecil | C77: Box Kecil | D77: 77 | E77: 75 | G77: 75 | I77: Box Kecil | J77: 75 | K77: 63 | M77: =L77+K77 -> 63 | O77: Box Kecil | P77: 63 | Q77: 51 | S77: =R77+Q77 -> 51 | U77: Box Kecil | V77: =S77 -> 51 | W77: 45 | Y77: =X77+W77 -> 45 | AA77: Box Kecil | AB77: =Y77 -> 45 | AC77: 40 | AE77: =AD77+AC77 -> 40 | AG77: Box Kecil | AH77: =AE77 -> 40 | AI77: 36 | AK77: =AJ77+AI77 -> 36
A78: 73 | B78: Binder Clips Joyko No. 105 1 dus isi 12 box kecil | C78: Box Kecil | D78: 49 | E78: 47 | G78: 47 | I78: Box Kecil | J78: 47 | K78: 38 | M78: =L78+K78 -> 38 | O78: Box Kecil | P78: 38 | Q78: 32 | S78: =R78+Q78 -> 32 | U78: Box Kecil | V78: =S78 -> 32 | W78: 12 | X78: 24 | Y78: =X78+W78 -> 36 | Z78: 80000 | AA78: Box Kecil | AB78: =Y78 -> 36 | AC78: 27 | AE78: =AD78+AC78 -> 27 | AG78: Box Kecil | AH78: =AE78 -> 27 | AI78: 24 | AK78: =AJ78+AI78 -> 24
A79: 74 | B79: Amplop Coklat BPJS Kesehatan 1 pack isi 10 pcs | C79: Pcs | D79: 1848 | E79: 1830 | G79: 1830 | I79: Pcs | J79: 1830 | K79: 1814 | M79: =L79+K79 -> 1814 | O79: Pcs | P79: 1814 | Q79: 1810 | S79: =R79+Q79 -> 1810 | U79: Pcs | V79: =S79 -> 1810 | Y79: =X79+W79 -> 0 | AA79: Pcs | AB79: =Y79 -> 0 | AE79: =AD79+AC79 -> 0 | AG79: Pcs | AH79: =AE79 -> 0 | AI79: 200 | AK79: =AJ79+AI79 -> 200
A80: 75 | B80: Amplop Putih Polos 90 pps | C80: Dus | D80: 5 | E80: 5 | G80: 5 | I80: Dus | J80: 5 | K80: 4 | M80: =L80+K80 -> 4 | O80: Dus | P80: 4 | Q80: 3 | S80: =R80+Q80 -> 3 | U80: Dus | V80: =S80 -> 3 | W80: 2 | X80: 5 | Y80: =X80+W80 -> 7 | Z80: 105000 | AA80: Dus | AB80: =Y80 -> 7 | AC80: 6 | AE80: =AD80+AC80 -> 6 | AG80: Dus | AH80: =AE80 -> 6 | AI80: 5 | AK80: =AJ80+AI80 -> 5
A81: 76 | B81: Amplop Putih Polos 110 pps | C81: Dus | D81: 5 | E81: 5 | G81: 5 | I81: Dus | J81: 5 | K81: 4 | M81: =L81+K81 -> 4 | O81: Dus | P81: 4 | Q81: 3 | S81: =R81+Q81 -> 3 | U81: Dus | V81: =S81 -> 3 | W81: 2 | X81: 5 | Y81: =X81+W81 -> 7 | Z81: 125000 | AA81: Dus | AB81: =Y81 -> 7 | AC81: 6 | AE81: =AD81+AC81 -> 6 | AG81: Dus | AH81: =AE81 -> 6 | AI81: 5 | AK81: =AJ81+AI81 -> 5
A82: 77 | B82: Amplop Putih Jendela BPJS | C82: Dus | D82: 8 | E82: 7 | G82: 7 | I82: Dus | J82: 7 | K82: 3 | M82: =L82+K82 -> 3 | O82: Dus | P82: 3 | Q82: 2 | S82: =R82+Q82 -> 2 | U82: Dus | V82: =S82 -> 2 | Y82: =X82+W82 -> 0 | AA82: Dus | AB82: =Y82 -> 0 | AE82: =AD82+AC82 -> 0 | AG82: Dus | AH82: =AE82 -> 0 | AI82: 8 | AK82: =AJ82+AI82 -> 8
A83: 78 | B83: Map BPJS Kesehatan 1 pack isi 12 pcs | C83: Pcs | D83: 1093 | E83: 1074 | G83: 1074 | I83: Pcs | J83: 1074 | K83: 1057 | M83: =L83+K83 -> 1057 | O83: Pcs | P83: 1057 | Q83: 1045 | S83: =R83+Q83 -> 1045 | U83: Pcs | V83: =S83 -> 1045 | W83: 1025 | Y83: =X83+W83 -> 1025 | AA83: Pcs | AB83: =Y83 -> 1025 | AC83: 1012 | AE83: =AD83+AC83 -> 1012 | AG83: Pcs | AH83: =AE83 -> 1012 | AI83: 1004 | AK83: =AJ83+AI83 -> 1004
A84: 79 | B84: Map Kancing Coklat Kyoto K.311 1 dus isi 10 pcs | C84: Pcs | D84: 1350 | E84: 1345 | G84: 1345 | I84: Pcs | J84: 1345 | K84: 1338 | M84: =L84+K84 -> 1338 | O84: Pcs | P84: 1338 | Q84: 1323 | S84: =R84+Q84 -> 1323 | U84: Pcs | V84: =S84 -> 1323 | W84: 1314 | Y84: =X84+W84 -> 1314 | AA84: Pcs | AB84: =Y84 -> 1314 | AC84: 1302 | AE84: =AD84+AC84 -> 1302 | AG84: Pcs | AH84: =AE84 -> 1302 | AI84: 1296 | AK84: =AJ84+AI84 -> 1296
A85: 80 | B85: Map Kertas Biola Polos Warna Warni 5002 1 pack isi 50 pcs | C85: Pcs | D85: 139 | E85: 130 | G85: 130 | I85: Pcs | J85: 130 | K85: 126 | M85: =L85+K85 -> 126 | O85: Pcs | P85: 126 | Q85: 126 | S85: =R85+Q85 -> 126 | U85: Pcs | V85: =S85 -> 126 | W85: 126 | Y85: =X85+W85 -> 126 | AA85: Pcs | AB85: =Y85 -> 126 | AC85: 126 | AE85: =AD85+AC85 -> 126 | AG85: Pcs | AH85: =AE85 -> 126 | AI85: 126 | AK85: =AJ85+AI85 -> 126
A86: 81 | B86: Map Plastik Zipper Bag | C86: Pcs | D86: 15 | E86: 15 | G86: 15 | I86: Pcs | J86: 15 | K86: 15 | M86: =L86+K86 -> 15 | O86: Pcs | P86: 15 | Q86: 13 | S86: =R86+Q86 -> 13 | U86: Pcs | V86: =S86 -> 13 | W86: 11 | Y86: =X86+W86 -> 11 | AA86: Pcs | AB86: =Y86 -> 11 | AC86: 10 | AE86: =AD86+AC86 -> 10 | AG86: Pcs | AH86: =AE86 -> 10 | AI86: 10 | AK86: =AJ86+AI86 -> 10
A87: 82 | B87: Map Bening | C87: Pcs | D87: 617 | E87: 532 | G87: 532 | I87: Pcs | J87: 532 | K87: 457 | M87: =L87+K87 -> 457 | O87: Pcs | P87: 457 | Q87: 316 | S87: =R87+Q87 -> 316 | U87: Pcs | V87: =S87 -> 316 | W87: 218 | Y87: =X87+W87 -> 218 | AA87: Pcs | AB87: =Y87 -> 218 | AC87: 100 | AE87: =AD87+AC87 -> 100 | AG87: Pcs | AH87: 35 | AI87: 7 | AK87: =AJ87+AI87 -> 7
A88: 83 | B88: Buku Berkas Ukuran Besar | C88: Pcs | D88: 2 | E88: 1 | F88: 2 | G88: 3 | H88: 30000 | I88: Pcs | J88: 3 | K88: 3 | L88: 3 | M88: =L88+K88 -> 6 | N88: 285000 | O88: Pcs | P88: 6 | Q88: 5 | S88: =R88+Q88 -> 5 | U88: Pcs | V88: =S88 -> 5 | W88: 5 | Y88: =X88+W88 -> 5 | AA88: Pcs | AB88: =Y88 -> 5 | AC88: 5 | AE88: =AD88+AC88 -> 5 | AG88: Pcs | AH88: =AE88 -> 5 | AI88: 4 | AK88: =AJ88+AI88 -> 4
A89: 84 | B89: Buku Berkas Ukuran Kecil | C89: Pcs | D89: 2 | E89: 2 | G89: 2 | I89: Pcs | J89: 2 | K89: 2 | M89: =L89+K89 -> 2 | O89: Pcs | P89: 2 | Q89: 2 | S89: =R89+Q89 -> 2 | U89: Pcs | V89: =S89 -> 2 | W89: 1 | Y89: =X89+W89 -> 1 | AA89: Pcs | AB89: =Y89 -> 1 | AC89: 1 | AE89: =AD89+AC89 -> 1 | AG89: Pcs | AH89: =AE89 -> 1 | AI89: 0 | AJ89: 3 | AK89: =AJ89+AI89 -> 3
A90: 85 | B90: Bantex | C90: Pcs | D90: 15 | E90: 14 | G90: 14 | I90: Pcs | J90: 14 | K90: 13 | M90: =L90+K90 -> 13 | O90: Pcs | P90: 13 | Q90: 12 | S90: =R90+Q90 -> 12 | U90: Pcs | V90: =S90 -> 12 | W90: 11 | Y90: =X90+W90 -> 11 | AA90: Pcs | AB90: =Y90 -> 11 | AC90: 11 | AE90: =AD90+AC90 -> 11 | AG90: Pcs | AH90: =AE90 -> 11 | AI90: 10 | AK90: =AJ90+AI90 -> 10
A91: 86 | B91: Block Note | C91: Pcs | D91: 1 | E91: 1 | G91: 1 | I91: Pcs | J91: 1 | K91: 1 | M91: =L91+K91 -> 1 | O91: Pcs | P91: 1 | Q91: 1 | S91: =R91+Q91 -> 1 | U91: Pcs | V91: =S91 -> 1 | W91: 1 | Y91: =X91+W91 -> 1 | AA91: Pcs | AB91: =Y91 -> 1 | AC91: 1 | AE91: =AD91+AC91 -> 1 | AG91: Pcs | AH91: =AE91 -> 1 | AI91: 1 | AK91: =AJ91+AI91 -> 1
A92: 87 | B92: Nota Kontan Paperline 25 set (108 x 155 mm) | C92: Pcs | D92: 5 | E92: 1 | F92: 3 | G92: 4 | H92: 39000 | I92: Pcs | J92: 4 | K92: 3 | M92: =L92+K92 -> 3 | O92: Pcs | P92: 3 | Q92: 2 | R92: 5 | S92: =R92+Q92 -> 7 | T92: 17500 | U92: Pcs | V92: =S92 -> 7 | W92: 5 | Y92: =X92+W92 -> 5 | AA92: Pcs | AB92: =Y92 -> 5 | AC92: 4 | AE92: =AD92+AC92 -> 4 | AG92: Pcs | AH92: =AE92 -> 4 | AI92: 3 | AK92: =AJ92+AI92 -> 3
A93: 88 | B93: Nota Kontan Paperline 25 set (160 x 210 mm) | C93: Pcs | D93: 5 | E93: 4 | G93: 4 | I93: Pcs | J93: 4 | K93: 3 | M93: =L93+K93 -> 3 | O93: Pcs | P93: 3 | Q93: 2 | S93: =R93+Q93 -> 2 | U93: Pcs | V93: =S93 -> 2 | W93: 2 | Y93: =X93+W93 -> 2 | AA93: Pcs | AB93: =Y93 -> 2 | AC93: 2 | AE93: =AD93+AC93 -> 2 | AG93: Pcs | AH93: =AE93 -> 2 | AI93: 2 | AK93: =AJ93+AI93 -> 2
A94: 89 | B94: Kwitansi Paperline | C94: Pcs | D94: 2 | E94: 2 | G94: 2 | I94: Pcs | J94: 2 | K94: 1 | L94: 3 | M94: =L94+K94 -> 4 | N94: 15000 | O94: Pcs | P94: 4 | Q94: 2 | S94: =R94+Q94 -> 2 | U94: Pcs | V94: =S94 -> 2 | W94: 2 | Y94: =X94+W94 -> 2 | AA94: Pcs | AB94: =Y94 -> 2 | AC94: 2 | AE94: =AD94+AC94 -> 2 | AG94: Pcs | AH94: =AE94 -> 2 | AI94: 1 | AJ94: 2 | AK94: =AJ94+AI94 -> 3
A95: 90 | B95: Toner HP P1102 85A | C95: Pcs | D95: 8 | E95: 7 | G95: 7 | I95: Pcs | J95: 7 | K95: 5 | M95: =L95+K95 -> 5 | O95: Pcs | P95: 5 | Q95: 4 | S95: =R95+Q95 -> 4 | U95: Pcs | V95: =S95 -> 4 | W95: 3 | Y95: =X95+W95 -> 3 | AA95: Pcs | AB95: =Y95 -> 3 | AC95: 2 | AE95: =AD95+AC95 -> 2 | AG95: Pcs | AH95: =AE95 -> 2 | AI95: 2 | AK95: =AJ95+AI95 -> 2
B96: - Magenta (M) | C96: Pcs | D96: 3 | E96: 3 | G96: 3 | I96: Pcs | J96: 3 | K96: 3 | M96: =L96+K96 -> 3 | O96: Pcs | P96: 3 | Q96: 3 | S96: =R96+Q96 -> 3 | U96: Pcs | V96: =S96 -> 3 | W96: 3 | Y96: =X96+W96 -> 3 | AA96: Pcs | AB96: =Y96 -> 3 | AC96: 3 | AE96: =AD96+AC96 -> 3 | AG96: Pcs | AH96: =AE96 -> 3 | AI96: 3 | AK96: =AJ96+AI96 -> 3
B97: - Black (K) | C97: Pcs | D97: 2 | E97: 2 | G97: 2 | I97: Pcs | J97: 2 | K97: 2 | M97: =L97+K97 -> 2 | O97: Pcs | P97: 2 | Q97: 2 | S97: =R97+Q97 -> 2 | U97: Pcs | V97: =S97 -> 2 | W97: 2 | Y97: =X97+W97 -> 2 | AA97: Pcs | AB97: =Y97 -> 2 | AC97: 2 | AE97: =AD97+AC97 -> 2 | AG97: Pcs | AH97: =AE97 -> 2 | AI97: 2 | AK97: =AJ97+AI97 -> 2
B98: - Cyan ( C ) | C98: Pcs | D98: 4 | E98: 4 | G98: 4 | I98: Pcs | J98: 4 | K98: 4 | M98: =L98+K98 -> 4 | O98: Pcs | P98: 4 | Q98: 4 | S98: =R98+Q98 -> 4 | U98: Pcs | V98: =S98 -> 4 | W98: 4 | Y98: =X98+W98 -> 4 | AA98: Pcs | AB98: =Y98 -> 4 | AC98: 4 | AE98: =AD98+AC98 -> 4 | AG98: Pcs | AH98: =AE98 -> 4 | AI98: 4 | AK98: =AJ98+AI98 -> 4
B99: - Yellow (Y) | C99: Pcs | D99: 2 | E99: 2 | G99: 2 | I99: Pcs | J99: 2 | K99: 2 | M99: =L99+K99 -> 2 | O99: Pcs | P99: 2 | Q99: 2 | S99: =R99+Q99 -> 2 | U99: Pcs | V99: =S99 -> 2 | W99: 2 | Y99: =X99+W99 -> 2 | AA99: Pcs | AB99: =Y99 -> 2 | AC99: 2 | AE99: =AD99+AC99 -> 2 | AG99: Pcs | AH99: =AE99 -> 2 | AI99: 2 | AK99: =AJ99+AI99 -> 2
B100: - Magenta (M) | C100: Pcs | D100: 4 | E100: 4 | G100: 4 | I100: Pcs | J100: 4 | K100: 4 | M100: =L100+K100 -> 4 | O100: Pcs | P100: 4 | Q100: 4 | S100: =R100+Q100 -> 4 | U100: Pcs | V100: =S100 -> 4 | W100: 4 | Y100: =X100+W100 -> 4 | AA100: Pcs | AB100: =Y100 -> 4 | AC100: 4 | AE100: =AD100+AC100 -> 4 | AG100: Pcs | AH100: =AE100 -> 4 | AI100: 4 | AK100: =AJ100+AI100 -> 4
B101: - Black (K) | C101: Pcs | D101: 3 | E101: 3 | G101: 3 | I101: Pcs | J101: 3 | K101: 3 | M101: =L101+K101 -> 3 | O101: Pcs | P101: 3 | Q101: 3 | S101: =R101+Q101 -> 3 | U101: Pcs | V101: =S101 -> 3 | W101: 3 | Y101: =X101+W101 -> 3 | AA101: Pcs | AB101: =Y101 -> 3 | AC101: 3 | AE101: =AD101+AC101 -> 3 | AG101: Pcs | AH101: =AE101 -> 3 | AI101: 3 | AK101: =AJ101+AI101 -> 3
...
